10:28:28 [INFO] Shadow Comparison: 2 fold(s), variants=['baseline', 'ridge_shadow']
10:28:30 [INFO] Loading StackedEnsemble: data\models-backtest\2024\win_hit_turf.joblib
10:28:30 [INFO] Place model files not found for turf, skipping (betting_target=win?)
10:28:30 [INFO] Loading StackedEnsemble: data\models-backtest\2024\win_hit_dirt.joblib
10:28:30 [INFO] Place model files not found for dirt, skipping (betting_target=win?)
10:30:12 [INFO] Loaded win payout map: 3454 entries
10:30:12 [INFO] Feature cache HIT: feat_c5195b715eca26e5
10:30:12 [INFO] Skipping wide odds pivot for betting_target=win
10:30:12 [INFO] Pre-computing HorseHistoryFeatures for 3327 races...
10:36:53 [INFO] Pre-computing JockeyContextFeatures for 45827 entries...
10:36:53 [INFO] Pre-computing TrainerContextFeatures for 45827 entries...
10:36:54 [INFO] Pre-computing JockeyTrainerComboFeatures for 45827 entries...
10:37:17 [INFO] Computing SireFeatures for backtest inference...
10:37:44 [INFO] Pre-computing PaceAptitudeFeatures...
10:38:05 [INFO] Pre-computing CourseFeatures...
10:38:28 [INFO] Merged hist features into feat_df: 67 columns
10:38:28 [INFO] [features] 3327 groups, 45437 rows, 172.9 MB
10:38:28 [INFO] [jockey] 3329 groups, 45827 rows, 2.4 MB
10:38:28 [INFO] [trainer] 3329 groups, 45827 rows, 2.4 MB
10:38:29 [INFO] [jockey_trainer] 3329 groups, 45827 rows, 2.7 MB
10:42:35 [INFO] Loaded win payout map: 13824 entries
10:42:35 [INFO] Feature cache HIT: feat_31f3e4d43d1101e3
10:42:35 [INFO] Skipping wide odds pivot for betting_target=win
10:42:35 [INFO] Pre-computing HorseHistoryFeatures for 13320 races...
10:49:38 [INFO] Pre-computing JockeyContextFeatures for 185066 entries...
10:49:39 [INFO] Pre-computing TrainerContextFeatures for 185066 entries...
10:49:40 [INFO] Pre-computing JockeyTrainerComboFeatures for 185066 entries...
10:49:50 [INFO] Computing SireFeatures for backtest inference...
10:50:06 [INFO] Pre-computing PaceAptitudeFeatures...
10:50:22 [INFO] Pre-computing CourseFeatures...
10:50:39 [INFO] Merged hist features into feat_df: 67 columns
10:50:41 [INFO] [features] 13320 groups, 183866 rows, 698.3 MB
10:50:41 [INFO] [jockey] 13320 groups, 185066 rows, 9.7 MB
10:50:42 [INFO] [trainer] 13320 groups, 185066 rows, 9.7 MB
10:50:42 [INFO] [jockey_trainer] 13320 groups, 185066 rows, 11.1 MB
11:01:53 [WARNING] Win payout missing for 2020072601010201 umaban=7, using tanodds fallback=2.9
11:33:03 [WARNING] Win payout missing for 2022021209010110 umaban=2, using tanodds fallback=2.1
12:09:58 [WARNING] Win payout missing for 2022010907010312 umaban=7, using tanodds fallback=5.9
12:22:08 [INFO] Race diagnostics saved: 13320 records -> data\backtest\shadow_baseline_train_race_diagnostics.csv
12:22:35 [INFO] Horse diagnostics saved: 183866 records -> data\backtest\shadow_baseline_train_horse_diagnostics.csv
12:22:59 [INFO] Feature diagnostics saved: 183866 records -> data\backtest\shadow_baseline_train_horse_features.parquet
12:22:59 [INFO] Bet Selection Filters: EV_excluded=0, COLLAPSED_skipped=0
12:22:59 [INFO] Validation report saved: data\validation\validation_report.json
12:23:03 [INFO] 自動training_bet_history生成完了: 13320 bets, ROI=235.7% (2020-01-01 ~ 2023-12-31)
12:23:03 [INFO] OddsBandFilter calibration: excluded_bands=set(), band_roi={'1.0-3.0': 1.1338149294805642, '3.0-10.0': 1.5693765116904057, '10.0-30.0': 3.33171875, '30.0+': 19.21338199513382}, band_counts={'1.0-3.0': 2907, '3.0-10.0': 7442, '10.0-30.0': 2560, '30.0+': 411}
12:39:42 [INFO] Race diagnostics saved: 3327 records -> data\backtest\shadow_baseline_race_diagnostics.csv
12:39:46 [INFO] Horse diagnostics saved: 45437 records -> data\backtest\shadow_baseline_horse_diagnostics.csv
12:39:49 [INFO] Feature diagnostics saved: 45437 records -> data\backtest\shadow_baseline_horse_features.parquet
12:39:49 [INFO] Bet Selection Filters: EV_excluded=0, COLLAPSED_skipped=0
12:39:49 [INFO] Validation report saved: data\validation\validation_report.json
12:39:51 [INFO] Loading StackedEnsemble: data\models-backtest\2024\win_hit_turf.joblib
12:39:51 [INFO] Place model files not found for turf, skipping (betting_target=win?)
12:39:51 [INFO] Loading StackedEnsemble: data\models-backtest\2024\win_hit_dirt.joblib
12:39:51 [INFO] Place model files not found for dirt, skipping (betting_target=win?)
12:41:14 [INFO] Loaded win payout map: 3454 entries
12:41:14 [INFO] Feature cache HIT: feat_c5195b715eca26e5
12:41:14 [INFO] Skipping wide odds pivot for betting_target=win
12:41:14 [INFO] Pre-computing HorseHistoryFeatures for 3327 races...
12:44:43 [INFO] Pre-computing JockeyContextFeatures for 45827 entries...
12:44:43 [INFO] Pre-computing TrainerContextFeatures for 45827 entries...
12:44:44 [INFO] Pre-computing JockeyTrainerComboFeatures for 45827 entries...
12:44:54 [INFO] Computing SireFeatures for backtest inference...
12:45:07 [INFO] Pre-computing PaceAptitudeFeatures...
12:45:16 [INFO] Pre-computing CourseFeatures...
12:45:27 [INFO] Merged hist features into feat_df: 67 columns
12:45:27 [INFO] [features] 3327 groups, 45437 rows, 172.9 MB
12:45:27 [INFO] [jockey] 3329 groups, 45827 rows, 2.4 MB
12:45:27 [INFO] [trainer] 3329 groups, 45827 rows, 2.4 MB
12:45:27 [INFO] [jockey_trainer] 3329 groups, 45827 rows, 2.7 MB
12:47:58 [INFO] Loaded win payout map: 13824 entries
12:47:58 [INFO] Feature cache HIT: feat_31f3e4d43d1101e3
12:47:59 [INFO] Skipping wide odds pivot for betting_target=win
12:47:59 [INFO] Pre-computing HorseHistoryFeatures for 13320 races...
12:55:04 [INFO] Pre-computing JockeyContextFeatures for 185066 entries...
12:55:05 [INFO] Pre-computing TrainerContextFeatures for 185066 entries...
12:55:06 [INFO] Pre-computing JockeyTrainerComboFeatures for 185066 entries...
12:55:17 [INFO] Computing SireFeatures for backtest inference...
12:55:33 [INFO] Pre-computing PaceAptitudeFeatures...
12:55:49 [INFO] Pre-computing CourseFeatures...
12:56:07 [INFO] Merged hist features into feat_df: 67 columns
12:56:08 [INFO] [features] 13320 groups, 183866 rows, 698.3 MB
12:56:09 [INFO] [jockey] 13320 groups, 185066 rows, 9.7 MB
12:56:10 [INFO] [trainer] 13320 groups, 185066 rows, 9.7 MB
12:56:10 [INFO] [jockey_trainer] 13320 groups, 185066 rows, 11.1 MB
13:14:32 [WARNING] Win payout missing for 2021050209021204 umaban=7, using tanodds fallback=1.5
13:49:00 [WARNING] Win payout missing for 2022010907010312 umaban=7, using tanodds fallback=5.9
13:56:26 [INFO] Race diagnostics saved: 13320 records -> data\backtest\shadow_ridge_shadow_train_race_diagnostics.csv
13:56:41 [INFO] Horse diagnostics saved: 183866 records -> data\backtest\shadow_ridge_shadow_train_horse_diagnostics.csv
13:56:55 [INFO] Feature diagnostics saved: 183866 records -> data\backtest\shadow_ridge_shadow_train_horse_features.parquet
13:56:55 [INFO] Bet Selection Filters: EV_excluded=0, COLLAPSED_skipped=0
13:56:55 [INFO] Validation report saved: data\validation\validation_report.json
13:56:58 [INFO] 自動training_bet_history生成完了: 13320 bets, ROI=207.4% (2020-01-01 ~ 2023-12-31)
13:56:58 [INFO] OddsBandFilter calibration: excluded_bands={'1.0-3.0'}, band_roi={'1.0-3.0': 0.9468264686022958, '3.0-10.0': 1.296082504822674, '10.0-30.0': 2.6398682559598496, '30.0+': 17.8046403712297}, band_counts={'1.0-3.0': 2962, '3.0-10.0': 6739, '10.0-30.0': 3188, '30.0+': 431}
13:56:58 [INFO] OddsBandFilter excluded 1 candidates in bands: {'1.0-3.0'}
13:56:59 [INFO] OddsBandFilter excluded 1 candidates in bands: {'1.0-3.0'}
13:56:59 [INFO] OddsBandFilter excluded 1 candidates in bands: {'1.0-3.0'}
13:57:02 [INFO] OddsBandFilter excluded 1 candidates in bands: {'1.0-3.0'}
13:57:06 [INFO] OddsBandFilter excluded 1 candidates in bands: {'1.0-3.0'}
13:57:08 [INFO] OddsBandFilter excluded 1 candidates in bands: {'1.0-3.0'}
13:57:09 [INFO] OddsBandFilter excluded 1 candidates in bands: {'1.0-3.0'}
13:57:10 [INFO] OddsBandFilter excluded 1 candidates in bands: {'1.0-3.0'}
13:57:10 [INFO] OddsBandFilter excluded 1 candidates in bands: {'1.0-3.0'}
13:57:10 [INFO] OddsBandFilter excluded 1 candidates in bands: {'1.0-3.0'}
13:57:11 [INFO] OddsBandFilter excluded 1 candidates in bands: {'1.0-3.0'}
13:57:11 [INFO] OddsBandFilter excluded 1 candidates in bands: {'1.0-3.0'}
13:57:12 [INFO] OddsBandFilter excluded 1 candidates in bands: {'1.0-3.0'}
13:57:15 [INFO] OddsBandFilter excluded 1 candidates in bands: {'1.0-3.0'}
13:57:17 [INFO] OddsBandFilter excluded 1 candidates in bands: {'1.0-3.0'}
13:57:17 [INFO] OddsBandFilter excluded 1 candidates in bands: {'1.0-3.0'}
13:57:19 [INFO] OddsBandFilter excluded 1 candidates in bands: {'1.0-3.0'}
13:57:20 [INFO] OddsBandFilter excluded 1 candidates in bands: {'1.0-3.0'}
13:57:22 [INFO] OddsBandFilter excluded 1 candidates in bands: {'1.0-3.0'}
13:57:22 [INFO] OddsBandFilter excluded 1 candidates in bands: {'1.0-3.0'}
13:57:22 [INFO] OddsBandFilter excluded 1 candidates in bands: {'1.0-3.0'}
13:57:23 [INFO] OddsBandFilter excluded 1 candidates in bands: {'1.0-3.0'}
13:57:24 [INFO] OddsBandFilter excluded 1 candidates in bands: {'1.0-3.0'}
13:57:24 [INFO] OddsBandFilter excluded 1 candidates in bands: {'1.0-3.0'}
13:57:25 [INFO] OddsBandFilter excluded 1 candidates in bands: {'1.0-3.0'}
13:57:26 [INFO] OddsBandFilter excluded 1 candidates in bands: {'1.0-3.0'}
13:57:26 [INFO] OddsBandFilter excluded 1 candidates in bands: {'1.0-3.0'}
13:57:27 [INFO] OddsBandFilter excluded 1 candidates in bands: {'1.0-3.0'}
13:57:31 [INFO] OddsBandFilter excluded 1 candidates in bands: {'1.0-3.0'}
13:57:31 [INFO] OddsBandFilter excluded 1 candidates in bands: {'1.0-3.0'}
13:57:33 [INFO] OddsBandFilter excluded 1 candidates in bands: {'1.0-3.0'}
13:57:33 [INFO] OddsBandFilter excluded 1 candidates in bands: {'1.0-3.0'}
13:57:35 [INFO] OddsBandFilter excluded 1 candidates in bands: {'1.0-3.0'}
13:57:36 [INFO] OddsBandFilter excluded 1 candidates in bands: {'1.0-3.0'}
13:57:36 [INFO] OddsBandFilter excluded 1 candidates in bands: {'1.0-3.0'}
13:57:37 [INFO] OddsBandFilter excluded 1 candidates in bands: {'1.0-3.0'}
13:57:40 [INFO] OddsBandFilter excluded 1 candidates in bands: {'1.0-3.0'}
13:57:40 [INFO] OddsBandFilter excluded 1 candidates in bands: {'1.0-3.0'}
13:57:41 [INFO] OddsBandFilter excluded 1 candidates in bands: {'1.0-3.0'}
13:57:41 [INFO] OddsBandFilter excluded 1 candidates in bands: {'1.0-3.0'}
13:57:42 [INFO] OddsBandFilter excluded 1 candidates in bands: {'1.0-3.0'}
13:57:43 [INFO] OddsBandFilter excluded 1 candidates in bands: {'1.0-3.0'}
13:57:45 [INFO] OddsBandFilter excluded 1 candidates in bands: {'1.0-3.0'}
13:57:46 [INFO] OddsBandFilter excluded 1 candidates in bands: {'1.0-3.0'}
13:57:47 [INFO] OddsBandFilter excluded 1 candidates in bands: {'1.0-3.0'}
13:57:47 [INFO] OddsBandFilter excluded 1 candidates in bands: {'1.0-3.0'}
13:57:48 [INFO] OddsBandFilter excluded 1 candidates in bands: {'1.0-3.0'}
13:57:48 [INFO] OddsBandFilter excluded 1 candidates in bands: {'1.0-3.0'}
13:57:48 [INFO] OddsBandFilter excluded 1 candidates in bands: {'1.0-3.0'}
13:57:48 [INFO] OddsBandFilter excluded 1 candidates in bands: {'1.0-3.0'}
13:57:49 [INFO] OddsBandFilter excluded 1 candidates in bands: {'1.0-3.0'}
13:57:49 [INFO] OddsBandFilter excluded 1 candidates in bands: {'1.0-3.0'}
13:57:49 [INFO] OddsBandFilter excluded 1 candidates in bands: {'1.0-3.0'}
13:57:50 [INFO] OddsBandFilter excluded 1 candidates in bands: {'1.0-3.0'}
13:57:52 [INFO] OddsBandFilter excluded 1 candidates in bands: {'1.0-3.0'}
13:57:53 [INFO] OddsBandFilter excluded 1 candidates in bands: {'1.0-3.0'}
13:57:53 [INFO] OddsBandFilter excluded 1 candidates in bands: {'1.0-3.0'}
13:57:54 [INFO] OddsBandFilter excluded 1 candidates in bands: {'1.0-3.0'}
13:57:56 [INFO] OddsBandFilter excluded 1 candidates in bands: {'1.0-3.0'}
13:57:56 [INFO] OddsBandFilter excluded 1 candidates in bands: {'1.0-3.0'}
13:57:56 [INFO] OddsBandFilter excluded 1 candidates in bands: {'1.0-3.0'}
13:57:57 [INFO] OddsBandFilter excluded 1 candidates in bands: {'1.0-3.0'}
13:57:57 [INFO] OddsBandFilter excluded 1 candidates in bands: {'1.0-3.0'}
13:57:57 [INFO] OddsBandFilter excluded 1 candidates in bands: {'1.0-3.0'}
13:57:58 [INFO] OddsBandFilter excluded 1 candidates in bands: {'1.0-3.0'}
13:57:58 [INFO] OddsBandFilter excluded 1 candidates in bands: {'1.0-3.0'}
13:58:00 [INFO] OddsBandFilter excluded 1 candidates in bands: {'1.0-3.0'}
13:58:01 [INFO] OddsBandFilter excluded 1 candidates in bands: {'1.0-3.0'}
13:58:02 [INFO] OddsBandFilter excluded 1 candidates in bands: {'1.0-3.0'}
13:58:02 [INFO] OddsBandFilter excluded 1 candidates in bands: {'1.0-3.0'}
13:58:03 [INFO] OddsBandFilter excluded 1 candidates in bands: {'1.0-3.0'}
13:58:03 [INFO] OddsBandFilter excluded 1 candidates in bands: {'1.0-3.0'}
13:58:06 [INFO] OddsBandFilter excluded 1 candidates in bands: {'1.0-3.0'}
13:58:08 [INFO] OddsBandFilter excluded 1 candidates in bands: {'1.0-3.0'}
13:58:09 [INFO] OddsBandFilter excluded 1 candidates in bands: {'1.0-3.0'}
13:58:13 [INFO] OddsBandFilter excluded 1 candidates in bands: {'1.0-3.0'}
13:58:17 [INFO] OddsBandFilter excluded 1 candidates in bands: {'1.0-3.0'}
13:58:18 [INFO] OddsBandFilter excluded 1 candidates in bands: {'1.0-3.0'}
13:58:19 [INFO] OddsBandFilter excluded 1 candidates in bands: {'1.0-3.0'}
13:58:19 [INFO] OddsBandFilter excluded 1 candidates in bands: {'1.0-3.0'}
13:58:20 [INFO] OddsBandFilter excluded 1 candidates in bands: {'1.0-3.0'}
13:58:22 [INFO] OddsBandFilter excluded 1 candidates in bands: {'1.0-3.0'}
13:58:23 [INFO] OddsBandFilter excluded 1 candidates in bands: {'1.0-3.0'}
13:58:25 [INFO] OddsBandFilter excluded 1 candidates in bands: {'1.0-3.0'}
13:58:26 [INFO] OddsBandFilter excluded 1 candidates in bands: {'1.0-3.0'}
13:58:28 [INFO] OddsBandFilter excluded 1 candidates in bands: {'1.0-3.0'}
13:58:28 [INFO] OddsBandFilter excluded 1 candidates in bands: {'1.0-3.0'}
13:58:29 [INFO] OddsBandFilter excluded 1 candidates in bands: {'1.0-3.0'}
13:58:30 [INFO] OddsBandFilter excluded 1 candidates in bands: {'1.0-3.0'}
13:58:30 [INFO] OddsBandFilter excluded 1 candidates in bands: {'1.0-3.0'}
13:58:32 [INFO] OddsBandFilter excluded 1 candidates in bands: {'1.0-3.0'}
13:58:32 [INFO] OddsBandFilter excluded 1 candidates in bands: {'1.0-3.0'}
13:58:32 [INFO] OddsBandFilter excluded 1 candidates in bands: {'1.0-3.0'}
13:58:35 [INFO] OddsBandFilter excluded 1 candidates in bands: {'1.0-3.0'}
13:58:37 [INFO] OddsBandFilter excluded 1 candidates in bands: {'1.0-3.0'}
13:58:38 [INFO] OddsBandFilter excluded 1 candidates in bands: {'1.0-3.0'}
13:58:39 [INFO] OddsBandFilter excluded 1 candidates in bands: {'1.0-3.0'}
13:58:40 [INFO] OddsBandFilter excluded 1 candidates in bands: {'1.0-3.0'}
13:58:41 [INFO] OddsBandFilter excluded 1 candidates in bands: {'1.0-3.0'}
13:58:41 [INFO] OddsBandFilter excluded 1 candidates in bands: {'1.0-3.0'}
13:58:43 [INFO] OddsBandFilter excluded 1 candidates in bands: {'1.0-3.0'}
13:58:43 [INFO] OddsBandFilter excluded 1 candidates in bands: {'1.0-3.0'}
13:58:44 [INFO] OddsBandFilter excluded 1 candidates in bands: {'1.0-3.0'}
13:58:45 [INFO] OddsBandFilter excluded 1 candidates in bands: {'1.0-3.0'}
13:58:48 [INFO] OddsBandFilter excluded 1 candidates in bands: {'1.0-3.0'}
13:58:48 [INFO] OddsBandFilter excluded 1 candidates in bands: {'1.0-3.0'}
13:58:49 [INFO] OddsBandFilter excluded 1 candidates in bands: {'1.0-3.0'}
13:58:49 [INFO] OddsBandFilter excluded 1 candidates in bands: {'1.0-3.0'}
13:58:50 [INFO] OddsBandFilter excluded 1 candidates in bands: {'1.0-3.0'}
13:58:51 [INFO] OddsBandFilter excluded 1 candidates in bands: {'1.0-3.0'}
13:58:53 [INFO] OddsBandFilter excluded 1 candidates in bands: {'1.0-3.0'}
13:58:54 [INFO] OddsBandFilter excluded 1 candidates in bands: {'1.0-3.0'}
13:58:55 [INFO] OddsBandFilter excluded 1 candidates in bands: {'1.0-3.0'}
13:58:56 [INFO] OddsBandFilter excluded 1 candidates in bands: {'1.0-3.0'}
13:58:57 [INFO] OddsBandFilter excluded 1 candidates in bands: {'1.0-3.0'}
13:59:02 [INFO] OddsBandFilter excluded 1 candidates in bands: {'1.0-3.0'}
13:59:04 [INFO] OddsBandFilter excluded 1 candidates in bands: {'1.0-3.0'}
13:59:04 [INFO] OddsBandFilter excluded 1 candidates in bands: {'1.0-3.0'}
13:59:06 [INFO] OddsBandFilter excluded 1 candidates in bands: {'1.0-3.0'}
13:59:06 [INFO] OddsBandFilter excluded 1 candidates in bands: {'1.0-3.0'}
13:59:08 [INFO] OddsBandFilter excluded 1 candidates in bands: {'1.0-3.0'}
13:59:08 [INFO] OddsBandFilter excluded 1 candidates in bands: {'1.0-3.0'}
13:59:09 [INFO] OddsBandFilter excluded 1 candidates in bands: {'1.0-3.0'}
13:59:09 [INFO] OddsBandFilter excluded 1 candidates in bands: {'1.0-3.0'}
13:59:10 [INFO] OddsBandFilter excluded 1 candidates in bands: {'1.0-3.0'}
13:59:11 [INFO] OddsBandFilter excluded 1 candidates in bands: {'1.0-3.0'}
13:59:12 [INFO] OddsBandFilter excluded 1 candidates in bands: {'1.0-3.0'}
13:59:14 [INFO] OddsBandFilter excluded 1 candidates in bands: {'1.0-3.0'}
13:59:15 [INFO] OddsBandFilter excluded 1 candidates in bands: {'1.0-3.0'}
13:59:15 [INFO] OddsBandFilter excluded 1 candidates in bands: {'1.0-3.0'}
13:59:16 [INFO] OddsBandFilter excluded 1 candidates in bands: {'1.0-3.0'}
13:59:18 [INFO] OddsBandFilter excluded 1 candidates in bands: {'1.0-3.0'}
13:59:18 [INFO] OddsBandFilter excluded 1 candidates in bands: {'1.0-3.0'}
13:59:21 [INFO] OddsBandFilter excluded 1 candidates in bands: {'1.0-3.0'}
13:59:21 [INFO] OddsBandFilter excluded 1 candidates in bands: {'1.0-3.0'}
13:59:22 [INFO] OddsBandFilter excluded 1 candidates in bands: {'1.0-3.0'}
13:59:24 [INFO] OddsBandFilter excluded 1 candidates in bands: {'1.0-3.0'}
13:59:26 [INFO] OddsBandFilter excluded 1 candidates in bands: {'1.0-3.0'}
13:59:27 [INFO] OddsBandFilter excluded 1 candidates in bands: {'1.0-3.0'}
13:59:30 [INFO] OddsBandFilter excluded 1 candidates in bands: {'1.0-3.0'}
13:59:30 [INFO] OddsBandFilter excluded 1 candidates in bands: {'1.0-3.0'}
13:59:37 [INFO] OddsBandFilter excluded 1 candidates in bands: {'1.0-3.0'}
13:59:37 [INFO] OddsBandFilter excluded 1 candidates in bands: {'1.0-3.0'}
13:59:38 [INFO] OddsBandFilter excluded 1 candidates in bands: {'1.0-3.0'}
13:59:38 [INFO] OddsBandFilter excluded 1 candidates in bands: {'1.0-3.0'}
13:59:39 [INFO] OddsBandFilter excluded 1 candidates in bands: {'1.0-3.0'}
13:59:40 [INFO] OddsBandFilter excluded 1 candidates in bands: {'1.0-3.0'}
13:59:40 [INFO] OddsBandFilter excluded 1 candidates in bands: {'1.0-3.0'}
13:59:41 [INFO] OddsBandFilter excluded 1 candidates in bands: {'1.0-3.0'}
13:59:44 [INFO] OddsBandFilter excluded 1 candidates in bands: {'1.0-3.0'}
13:59:44 [INFO] OddsBandFilter excluded 1 candidates in bands: {'1.0-3.0'}
13:59:45 [INFO] OddsBandFilter excluded 1 candidates in bands: {'1.0-3.0'}
13:59:46 [INFO] OddsBandFilter excluded 1 candidates in bands: {'1.0-3.0'}
13:59:46 [INFO] OddsBandFilter excluded 1 candidates in bands: {'1.0-3.0'}
13:59:46 [INFO] OddsBandFilter excluded 1 candidates in bands: {'1.0-3.0'}
13:59:48 [INFO] OddsBandFilter excluded 1 candidates in bands: {'1.0-3.0'}
13:59:49 [INFO] OddsBandFilter excluded 1 candidates in bands: {'1.0-3.0'}
13:59:50 [INFO] OddsBandFilter excluded 1 candidates in bands: {'1.0-3.0'}
13:59:54 [INFO] OddsBandFilter excluded 1 candidates in bands: {'1.0-3.0'}
13:59:54 [INFO] OddsBandFilter excluded 1 candidates in bands: {'1.0-3.0'}
13:59:57 [INFO] OddsBandFilter excluded 1 candidates in bands: {'1.0-3.0'}
13:59:57 [INFO] OddsBandFilter excluded 1 candidates in bands: {'1.0-3.0'}
13:59:57 [INFO] OddsBandFilter excluded 1 candidates in bands: {'1.0-3.0'}
13:59:58 [INFO] OddsBandFilter excluded 1 candidates in bands: {'1.0-3.0'}
13:59:59 [INFO] OddsBandFilter excluded 1 candidates in bands: {'1.0-3.0'}
14:00:02 [INFO] OddsBandFilter excluded 1 candidates in bands: {'1.0-3.0'}
14:00:05 [INFO] OddsBandFilter excluded 1 candidates in bands: {'1.0-3.0'}
14:00:06 [INFO] OddsBandFilter excluded 1 candidates in bands: {'1.0-3.0'}
14:00:06 [INFO] OddsBandFilter excluded 1 candidates in bands: {'1.0-3.0'}
14:00:09 [INFO] OddsBandFilter excluded 1 candidates in bands: {'1.0-3.0'}
14:00:13 [INFO] OddsBandFilter excluded 1 candidates in bands: {'1.0-3.0'}
14:00:14 [INFO] OddsBandFilter excluded 1 candidates in bands: {'1.0-3.0'}
14:00:16 [INFO] OddsBandFilter excluded 1 candidates in bands: {'1.0-3.0'}
14:00:17 [INFO] OddsBandFilter excluded 1 candidates in bands: {'1.0-3.0'}
14:00:19 [INFO] OddsBandFilter excluded 1 candidates in bands: {'1.0-3.0'}
14:00:20 [INFO] OddsBandFilter excluded 1 candidates in bands: {'1.0-3.0'}
14:00:21 [INFO] OddsBandFilter excluded 1 candidates in bands: {'1.0-3.0'}
14:00:25 [INFO] OddsBandFilter excluded 1 candidates in bands: {'1.0-3.0'}
14:00:26 [INFO] OddsBandFilter excluded 1 candidates in bands: {'1.0-3.0'}
14:00:27 [INFO] OddsBandFilter excluded 1 candidates in bands: {'1.0-3.0'}
14:00:30 [INFO] OddsBandFilter excluded 1 candidates in bands: {'1.0-3.0'}
14:00:30 [INFO] OddsBandFilter excluded 1 candidates in bands: {'1.0-3.0'}
14:00:31 [INFO] OddsBandFilter excluded 1 candidates in bands: {'1.0-3.0'}
14:00:35 [INFO] OddsBandFilter excluded 1 candidates in bands: {'1.0-3.0'}
14:00:36 [INFO] OddsBandFilter excluded 1 candidates in bands: {'1.0-3.0'}
14:00:38 [INFO] OddsBandFilter excluded 1 candidates in bands: {'1.0-3.0'}
14:00:42 [INFO] OddsBandFilter excluded 1 candidates in bands: {'1.0-3.0'}
14:00:43 [INFO] OddsBandFilter excluded 1 candidates in bands: {'1.0-3.0'}
14:00:44 [INFO] OddsBandFilter excluded 1 candidates in bands: {'1.0-3.0'}
14:00:45 [INFO] OddsBandFilter excluded 1 candidates in bands: {'1.0-3.0'}
14:00:48 [INFO] OddsBandFilter excluded 1 candidates in bands: {'1.0-3.0'}
14:00:49 [INFO] OddsBandFilter excluded 1 candidates in bands: {'1.0-3.0'}
14:00:51 [INFO] OddsBandFilter excluded 1 candidates in bands: {'1.0-3.0'}
14:00:53 [INFO] OddsBandFilter excluded 1 candidates in bands: {'1.0-3.0'}
14:00:54 [INFO] OddsBandFilter excluded 1 candidates in bands: {'1.0-3.0'}
14:00:54 [INFO] OddsBandFilter excluded 1 candidates in bands: {'1.0-3.0'}
14:00:55 [INFO] OddsBandFilter excluded 1 candidates in bands: {'1.0-3.0'}
14:00:56 [INFO] OddsBandFilter excluded 1 candidates in bands: {'1.0-3.0'}
14:00:57 [INFO] OddsBandFilter excluded 1 candidates in bands: {'1.0-3.0'}
14:00:57 [INFO] OddsBandFilter excluded 1 candidates in bands: {'1.0-3.0'}
14:00:58 [INFO] OddsBandFilter excluded 1 candidates in bands: {'1.0-3.0'}
14:01:00 [INFO] OddsBandFilter excluded 1 candidates in bands: {'1.0-3.0'}
14:01:03 [INFO] OddsBandFilter excluded 1 candidates in bands: {'1.0-3.0'}
14:01:03 [INFO] OddsBandFilter excluded 1 candidates in bands: {'1.0-3.0'}
14:01:04 [INFO] OddsBandFilter excluded 1 candidates in bands: {'1.0-3.0'}
14:01:04 [INFO] OddsBandFilter excluded 1 candidates in bands: {'1.0-3.0'}
14:01:05 [INFO] OddsBandFilter excluded 1 candidates in bands: {'1.0-3.0'}
14:01:06 [INFO] OddsBandFilter excluded 1 candidates in bands: {'1.0-3.0'}
14:01:09 [INFO] OddsBandFilter excluded 1 candidates in bands: {'1.0-3.0'}
14:01:10 [INFO] OddsBandFilter excluded 1 candidates in bands: {'1.0-3.0'}
14:01:10 [INFO] OddsBandFilter excluded 1 candidates in bands: {'1.0-3.0'}
14:01:11 [INFO] OddsBandFilter excluded 1 candidates in bands: {'1.0-3.0'}
14:01:12 [INFO] OddsBandFilter excluded 1 candidates in bands: {'1.0-3.0'}
14:01:12 [INFO] OddsBandFilter excluded 1 candidates in bands: {'1.0-3.0'}
14:01:13 [INFO] OddsBandFilter excluded 1 candidates in bands: {'1.0-3.0'}
14:01:15 [INFO] OddsBandFilter excluded 1 candidates in bands: {'1.0-3.0'}
14:01:17 [INFO] OddsBandFilter excluded 1 candidates in bands: {'1.0-3.0'}
14:01:18 [INFO] OddsBandFilter excluded 1 candidates in bands: {'1.0-3.0'}
14:01:18 [INFO] OddsBandFilter excluded 1 candidates in bands: {'1.0-3.0'}
14:01:19 [INFO] OddsBandFilter excluded 1 candidates in bands: {'1.0-3.0'}
14:01:20 [INFO] OddsBandFilter excluded 1 candidates in bands: {'1.0-3.0'}
14:01:21 [INFO] OddsBandFilter excluded 1 candidates in bands: {'1.0-3.0'}
14:01:22 [INFO] OddsBandFilter excluded 1 candidates in bands: {'1.0-3.0'}
14:01:23 [INFO] OddsBandFilter excluded 1 candidates in bands: {'1.0-3.0'}
14:01:23 [INFO] OddsBandFilter excluded 1 candidates in bands: {'1.0-3.0'}
14:01:24 [INFO] OddsBandFilter excluded 1 candidates in bands: {'1.0-3.0'}
14:01:25 [INFO] OddsBandFilter excluded 1 candidates in bands: {'1.0-3.0'}
14:01:26 [INFO] OddsBandFilter excluded 1 candidates in bands: {'1.0-3.0'}
14:01:28 [INFO] OddsBandFilter excluded 1 candidates in bands: {'1.0-3.0'}
14:01:28 [INFO] OddsBandFilter excluded 1 candidates in bands: {'1.0-3.0'}
14:01:30 [INFO] OddsBandFilter excluded 1 candidates in bands: {'1.0-3.0'}
14:01:31 [INFO] OddsBandFilter excluded 1 candidates in bands: {'1.0-3.0'}
14:01:33 [INFO] OddsBandFilter excluded 1 candidates in bands: {'1.0-3.0'}
14:01:33 [INFO] OddsBandFilter excluded 1 candidates in bands: {'1.0-3.0'}
14:01:33 [INFO] OddsBandFilter excluded 1 candidates in bands: {'1.0-3.0'}
14:01:36 [INFO] OddsBandFilter excluded 1 candidates in bands: {'1.0-3.0'}
14:01:36 [INFO] OddsBandFilter excluded 1 candidates in bands: {'1.0-3.0'}
14:01:37 [INFO] OddsBandFilter excluded 1 candidates in bands: {'1.0-3.0'}
14:01:40 [INFO] OddsBandFilter excluded 1 candidates in bands: {'1.0-3.0'}
14:01:41 [INFO] OddsBandFilter excluded 1 candidates in bands: {'1.0-3.0'}
14:01:41 [INFO] OddsBandFilter excluded 1 candidates in bands: {'1.0-3.0'}
14:01:42 [INFO] OddsBandFilter excluded 1 candidates in bands: {'1.0-3.0'}
14:01:44 [INFO] OddsBandFilter excluded 1 candidates in bands: {'1.0-3.0'}
14:01:46 [INFO] OddsBandFilter excluded 1 candidates in bands: {'1.0-3.0'}
14:01:46 [INFO] OddsBandFilter excluded 1 candidates in bands: {'1.0-3.0'}
14:01:47 [INFO] OddsBandFilter excluded 1 candidates in bands: {'1.0-3.0'}
14:01:47 [INFO] OddsBandFilter excluded 1 candidates in bands: {'1.0-3.0'}
14:01:47 [INFO] OddsBandFilter excluded 1 candidates in bands: {'1.0-3.0'}
14:01:49 [INFO] OddsBandFilter excluded 1 candidates in bands: {'1.0-3.0'}
14:01:50 [INFO] OddsBandFilter excluded 1 candidates in bands: {'1.0-3.0'}
14:01:52 [INFO] OddsBandFilter excluded 1 candidates in bands: {'1.0-3.0'}
14:01:54 [INFO] OddsBandFilter excluded 1 candidates in bands: {'1.0-3.0'}
14:01:55 [INFO] OddsBandFilter excluded 1 candidates in bands: {'1.0-3.0'}
14:01:56 [INFO] OddsBandFilter excluded 1 candidates in bands: {'1.0-3.0'}
14:01:57 [INFO] OddsBandFilter excluded 1 candidates in bands: {'1.0-3.0'}
14:01:58 [INFO] OddsBandFilter excluded 1 candidates in bands: {'1.0-3.0'}
14:01:59 [INFO] OddsBandFilter excluded 1 candidates in bands: {'1.0-3.0'}
14:01:59 [INFO] OddsBandFilter excluded 1 candidates in bands: {'1.0-3.0'}
14:01:59 [INFO] OddsBandFilter excluded 1 candidates in bands: {'1.0-3.0'}
14:02:04 [INFO] OddsBandFilter excluded 1 candidates in bands: {'1.0-3.0'}
14:02:04 [INFO] OddsBandFilter excluded 1 candidates in bands: {'1.0-3.0'}
14:02:05 [INFO] OddsBandFilter excluded 1 candidates in bands: {'1.0-3.0'}
14:02:05 [INFO] OddsBandFilter excluded 1 candidates in bands: {'1.0-3.0'}
14:02:06 [INFO] OddsBandFilter excluded 1 candidates in bands: {'1.0-3.0'}
14:02:07 [INFO] OddsBandFilter excluded 1 candidates in bands: {'1.0-3.0'}
14:02:07 [INFO] OddsBandFilter excluded 1 candidates in bands: {'1.0-3.0'}
14:02:08 [INFO] OddsBandFilter excluded 1 candidates in bands: {'1.0-3.0'}
14:02:10 [INFO] OddsBandFilter excluded 1 candidates in bands: {'1.0-3.0'}
14:02:10 [INFO] OddsBandFilter excluded 1 candidates in bands: {'1.0-3.0'}
14:02:11 [INFO] OddsBandFilter excluded 1 candidates in bands: {'1.0-3.0'}
14:02:14 [INFO] OddsBandFilter excluded 1 candidates in bands: {'1.0-3.0'}
14:02:16 [INFO] OddsBandFilter excluded 1 candidates in bands: {'1.0-3.0'}
14:02:17 [INFO] OddsBandFilter excluded 1 candidates in bands: {'1.0-3.0'}
14:02:17 [INFO] OddsBandFilter excluded 1 candidates in bands: {'1.0-3.0'}
14:02:18 [INFO] OddsBandFilter excluded 1 candidates in bands: {'1.0-3.0'}
14:02:18 [INFO] OddsBandFilter excluded 1 candidates in bands: {'1.0-3.0'}
14:02:18 [INFO] OddsBandFilter excluded 1 candidates in bands: {'1.0-3.0'}
14:02:21 [INFO] OddsBandFilter excluded 1 candidates in bands: {'1.0-3.0'}
14:02:22 [INFO] OddsBandFilter excluded 1 candidates in bands: {'1.0-3.0'}
14:02:23 [INFO] OddsBandFilter excluded 1 candidates in bands: {'1.0-3.0'}
14:02:23 [INFO] OddsBandFilter excluded 1 candidates in bands: {'1.0-3.0'}
14:02:23 [INFO] OddsBandFilter excluded 1 candidates in bands: {'1.0-3.0'}
14:02:24 [INFO] OddsBandFilter excluded 1 candidates in bands: {'1.0-3.0'}
14:02:26 [INFO] OddsBandFilter excluded 1 candidates in bands: {'1.0-3.0'}
14:02:27 [INFO] OddsBandFilter excluded 1 candidates in bands: {'1.0-3.0'}
14:02:29 [INFO] OddsBandFilter excluded 1 candidates in bands: {'1.0-3.0'}
14:02:29 [INFO] OddsBandFilter excluded 1 candidates in bands: {'1.0-3.0'}
14:02:30 [INFO] OddsBandFilter excluded 1 candidates in bands: {'1.0-3.0'}
14:02:31 [INFO] OddsBandFilter excluded 1 candidates in bands: {'1.0-3.0'}
14:02:32 [INFO] OddsBandFilter excluded 1 candidates in bands: {'1.0-3.0'}
14:02:33 [INFO] OddsBandFilter excluded 1 candidates in bands: {'1.0-3.0'}
14:02:33 [INFO] OddsBandFilter excluded 1 candidates in bands: {'1.0-3.0'}
14:02:35 [INFO] OddsBandFilter excluded 1 candidates in bands: {'1.0-3.0'}
14:02:36 [INFO] OddsBandFilter excluded 1 candidates in bands: {'1.0-3.0'}
14:02:37 [INFO] OddsBandFilter excluded 1 candidates in bands: {'1.0-3.0'}
14:02:37 [INFO] OddsBandFilter excluded 1 candidates in bands: {'1.0-3.0'}
14:02:38 [INFO] OddsBandFilter excluded 1 candidates in bands: {'1.0-3.0'}
14:02:39 [INFO] OddsBandFilter excluded 1 candidates in bands: {'1.0-3.0'}
14:02:40 [INFO] OddsBandFilter excluded 1 candidates in bands: {'1.0-3.0'}
14:02:40 [INFO] OddsBandFilter excluded 1 candidates in bands: {'1.0-3.0'}
14:02:41 [INFO] OddsBandFilter excluded 1 candidates in bands: {'1.0-3.0'}
14:02:42 [INFO] OddsBandFilter excluded 1 candidates in bands: {'1.0-3.0'}
14:02:42 [INFO] OddsBandFilter excluded 1 candidates in bands: {'1.0-3.0'}
14:02:43 [INFO] OddsBandFilter excluded 1 candidates in bands: {'1.0-3.0'}
14:02:43 [INFO] OddsBandFilter excluded 1 candidates in bands: {'1.0-3.0'}
14:02:44 [INFO] OddsBandFilter excluded 1 candidates in bands: {'1.0-3.0'}
14:02:45 [INFO] OddsBandFilter excluded 1 candidates in bands: {'1.0-3.0'}
14:02:45 [INFO] OddsBandFilter excluded 1 candidates in bands: {'1.0-3.0'}
14:02:46 [INFO] OddsBandFilter excluded 1 candidates in bands: {'1.0-3.0'}
14:02:46 [INFO] OddsBandFilter excluded 1 candidates in bands: {'1.0-3.0'}
14:02:47 [INFO] OddsBandFilter excluded 1 candidates in bands: {'1.0-3.0'}
14:02:48 [INFO] OddsBandFilter excluded 1 candidates in bands: {'1.0-3.0'}
14:02:48 [INFO] OddsBandFilter excluded 1 candidates in bands: {'1.0-3.0'}
14:02:49 [INFO] OddsBandFilter excluded 1 candidates in bands: {'1.0-3.0'}
14:02:51 [INFO] OddsBandFilter excluded 1 candidates in bands: {'1.0-3.0'}
14:02:51 [INFO] OddsBandFilter excluded 1 candidates in bands: {'1.0-3.0'}
14:02:51 [INFO] OddsBandFilter excluded 1 candidates in bands: {'1.0-3.0'}
14:02:52 [INFO] OddsBandFilter excluded 1 candidates in bands: {'1.0-3.0'}
14:02:53 [INFO] OddsBandFilter excluded 1 candidates in bands: {'1.0-3.0'}
14:02:54 [INFO] OddsBandFilter excluded 1 candidates in bands: {'1.0-3.0'}
14:02:55 [INFO] OddsBandFilter excluded 1 candidates in bands: {'1.0-3.0'}
14:02:56 [INFO] OddsBandFilter excluded 1 candidates in bands: {'1.0-3.0'}
14:02:57 [INFO] OddsBandFilter excluded 1 candidates in bands: {'1.0-3.0'}
14:02:57 [INFO] OddsBandFilter excluded 1 candidates in bands: {'1.0-3.0'}
14:02:58 [INFO] OddsBandFilter excluded 1 candidates in bands: {'1.0-3.0'}
14:02:59 [INFO] OddsBandFilter excluded 1 candidates in bands: {'1.0-3.0'}
14:02:59 [INFO] OddsBandFilter excluded 1 candidates in bands: {'1.0-3.0'}
14:02:59 [INFO] OddsBandFilter excluded 1 candidates in bands: {'1.0-3.0'}
14:03:00 [INFO] OddsBandFilter excluded 1 candidates in bands: {'1.0-3.0'}
14:03:00 [INFO] OddsBandFilter excluded 1 candidates in bands: {'1.0-3.0'}
14:03:06 [INFO] OddsBandFilter excluded 1 candidates in bands: {'1.0-3.0'}
14:03:06 [INFO] OddsBandFilter excluded 1 candidates in bands: {'1.0-3.0'}
14:03:08 [INFO] OddsBandFilter excluded 1 candidates in bands: {'1.0-3.0'}
14:03:08 [INFO] OddsBandFilter excluded 1 candidates in bands: {'1.0-3.0'}
14:03:09 [INFO] OddsBandFilter excluded 1 candidates in bands: {'1.0-3.0'}
14:03:10 [INFO] OddsBandFilter excluded 1 candidates in bands: {'1.0-3.0'}
14:03:10 [INFO] OddsBandFilter excluded 1 candidates in bands: {'1.0-3.0'}
14:03:11 [INFO] OddsBandFilter excluded 1 candidates in bands: {'1.0-3.0'}
14:03:11 [INFO] OddsBandFilter excluded 1 candidates in bands: {'1.0-3.0'}
14:03:13 [INFO] OddsBandFilter excluded 1 candidates in bands: {'1.0-3.0'}
14:03:13 [INFO] OddsBandFilter excluded 1 candidates in bands: {'1.0-3.0'}
14:03:14 [INFO] OddsBandFilter excluded 1 candidates in bands: {'1.0-3.0'}
14:03:15 [INFO] OddsBandFilter excluded 1 candidates in bands: {'1.0-3.0'}
14:03:16 [INFO] OddsBandFilter excluded 1 candidates in bands: {'1.0-3.0'}
14:03:19 [INFO] OddsBandFilter excluded 1 candidates in bands: {'1.0-3.0'}
14:03:20 [INFO] OddsBandFilter excluded 1 candidates in bands: {'1.0-3.0'}
14:03:21 [INFO] OddsBandFilter excluded 1 candidates in bands: {'1.0-3.0'}
14:03:21 [INFO] OddsBandFilter excluded 1 candidates in bands: {'1.0-3.0'}
14:03:22 [INFO] OddsBandFilter excluded 1 candidates in bands: {'1.0-3.0'}
14:03:24 [INFO] OddsBandFilter excluded 1 candidates in bands: {'1.0-3.0'}
14:03:26 [INFO] OddsBandFilter excluded 1 candidates in bands: {'1.0-3.0'}
14:03:27 [INFO] OddsBandFilter excluded 1 candidates in bands: {'1.0-3.0'}
14:03:29 [INFO] OddsBandFilter excluded 1 candidates in bands: {'1.0-3.0'}
14:03:30 [INFO] OddsBandFilter excluded 1 candidates in bands: {'1.0-3.0'}
14:03:31 [INFO] OddsBandFilter excluded 1 candidates in bands: {'1.0-3.0'}
14:03:34 [INFO] OddsBandFilter excluded 1 candidates in bands: {'1.0-3.0'}
14:03:35 [INFO] OddsBandFilter excluded 1 candidates in bands: {'1.0-3.0'}
14:03:35 [INFO] OddsBandFilter excluded 1 candidates in bands: {'1.0-3.0'}
14:03:36 [INFO] OddsBandFilter excluded 1 candidates in bands: {'1.0-3.0'}
14:03:37 [INFO] OddsBandFilter excluded 1 candidates in bands: {'1.0-3.0'}
14:03:37 [INFO] OddsBandFilter excluded 1 candidates in bands: {'1.0-3.0'}
14:03:37 [INFO] OddsBandFilter excluded 1 candidates in bands: {'1.0-3.0'}
14:03:37 [INFO] OddsBandFilter excluded 1 candidates in bands: {'1.0-3.0'}
14:03:39 [INFO] OddsBandFilter excluded 1 candidates in bands: {'1.0-3.0'}
14:03:40 [INFO] OddsBandFilter excluded 1 candidates in bands: {'1.0-3.0'}
14:03:43 [INFO] OddsBandFilter excluded 1 candidates in bands: {'1.0-3.0'}
14:03:44 [INFO] OddsBandFilter excluded 1 candidates in bands: {'1.0-3.0'}
14:03:45 [INFO] OddsBandFilter excluded 1 candidates in bands: {'1.0-3.0'}
14:03:45 [INFO] OddsBandFilter excluded 1 candidates in bands: {'1.0-3.0'}
14:03:48 [INFO] OddsBandFilter excluded 1 candidates in bands: {'1.0-3.0'}
14:03:48 [INFO] OddsBandFilter excluded 1 candidates in bands: {'1.0-3.0'}
14:03:48 [INFO] OddsBandFilter excluded 1 candidates in bands: {'1.0-3.0'}
14:03:50 [INFO] OddsBandFilter excluded 1 candidates in bands: {'1.0-3.0'}
14:03:50 [INFO] OddsBandFilter excluded 1 candidates in bands: {'1.0-3.0'}
14:03:51 [INFO] OddsBandFilter excluded 1 candidates in bands: {'1.0-3.0'}
14:03:52 [INFO] OddsBandFilter excluded 1 candidates in bands: {'1.0-3.0'}
14:03:53 [INFO] OddsBandFilter excluded 1 candidates in bands: {'1.0-3.0'}
14:03:53 [INFO] OddsBandFilter excluded 1 candidates in bands: {'1.0-3.0'}
14:03:54 [INFO] OddsBandFilter excluded 1 candidates in bands: {'1.0-3.0'}
14:03:56 [INFO] OddsBandFilter excluded 1 candidates in bands: {'1.0-3.0'}
14:03:56 [INFO] OddsBandFilter excluded 1 candidates in bands: {'1.0-3.0'}
14:03:58 [INFO] OddsBandFilter excluded 1 candidates in bands: {'1.0-3.0'}
14:03:58 [INFO] OddsBandFilter excluded 1 candidates in bands: {'1.0-3.0'}
14:04:03 [INFO] OddsBandFilter excluded 1 candidates in bands: {'1.0-3.0'}
14:04:04 [INFO] OddsBandFilter excluded 1 candidates in bands: {'1.0-3.0'}
14:04:05 [INFO] OddsBandFilter excluded 1 candidates in bands: {'1.0-3.0'}
14:04:06 [INFO] OddsBandFilter excluded 1 candidates in bands: {'1.0-3.0'}
14:04:08 [INFO] OddsBandFilter excluded 1 candidates in bands: {'1.0-3.0'}
14:04:08 [INFO] OddsBandFilter excluded 1 candidates in bands: {'1.0-3.0'}
14:04:10 [INFO] OddsBandFilter excluded 1 candidates in bands: {'1.0-3.0'}
14:04:12 [INFO] OddsBandFilter excluded 1 candidates in bands: {'1.0-3.0'}
14:04:12 [INFO] OddsBandFilter excluded 1 candidates in bands: {'1.0-3.0'}
14:04:12 [INFO] OddsBandFilter excluded 1 candidates in bands: {'1.0-3.0'}
14:04:13 [INFO] OddsBandFilter excluded 1 candidates in bands: {'1.0-3.0'}
14:04:14 [INFO] OddsBandFilter excluded 1 candidates in bands: {'1.0-3.0'}
14:04:16 [INFO] OddsBandFilter excluded 1 candidates in bands: {'1.0-3.0'}
14:04:17 [INFO] OddsBandFilter excluded 1 candidates in bands: {'1.0-3.0'}
14:04:17 [INFO] OddsBandFilter excluded 1 candidates in bands: {'1.0-3.0'}
14:04:18 [INFO] OddsBandFilter excluded 1 candidates in bands: {'1.0-3.0'}
14:04:18 [INFO] OddsBandFilter excluded 1 candidates in bands: {'1.0-3.0'}
14:04:20 [INFO] OddsBandFilter excluded 1 candidates in bands: {'1.0-3.0'}
14:04:21 [INFO] OddsBandFilter excluded 1 candidates in bands: {'1.0-3.0'}
14:04:22 [INFO] OddsBandFilter excluded 1 candidates in bands: {'1.0-3.0'}
14:04:22 [INFO] OddsBandFilter excluded 1 candidates in bands: {'1.0-3.0'}
14:04:24 [INFO] OddsBandFilter excluded 1 candidates in bands: {'1.0-3.0'}
14:04:24 [INFO] OddsBandFilter excluded 1 candidates in bands: {'1.0-3.0'}
14:04:25 [INFO] OddsBandFilter excluded 1 candidates in bands: {'1.0-3.0'}
14:04:28 [INFO] OddsBandFilter excluded 1 candidates in bands: {'1.0-3.0'}
14:04:30 [INFO] OddsBandFilter excluded 1 candidates in bands: {'1.0-3.0'}
14:04:30 [INFO] OddsBandFilter excluded 1 candidates in bands: {'1.0-3.0'}
14:04:30 [INFO] OddsBandFilter excluded 1 candidates in bands: {'1.0-3.0'}
14:04:32 [INFO] OddsBandFilter excluded 1 candidates in bands: {'1.0-3.0'}
14:04:33 [INFO] OddsBandFilter excluded 1 candidates in bands: {'1.0-3.0'}
14:04:36 [INFO] OddsBandFilter excluded 1 candidates in bands: {'1.0-3.0'}
14:04:37 [INFO] OddsBandFilter excluded 1 candidates in bands: {'1.0-3.0'}
14:04:38 [INFO] OddsBandFilter excluded 1 candidates in bands: {'1.0-3.0'}
14:04:39 [INFO] OddsBandFilter excluded 1 candidates in bands: {'1.0-3.0'}
14:04:41 [INFO] OddsBandFilter excluded 1 candidates in bands: {'1.0-3.0'}
14:04:41 [INFO] OddsBandFilter excluded 1 candidates in bands: {'1.0-3.0'}
14:04:42 [INFO] OddsBandFilter excluded 1 candidates in bands: {'1.0-3.0'}
14:04:42 [INFO] OddsBandFilter excluded 1 candidates in bands: {'1.0-3.0'}
14:04:44 [INFO] OddsBandFilter excluded 1 candidates in bands: {'1.0-3.0'}
14:04:45 [INFO] OddsBandFilter excluded 1 candidates in bands: {'1.0-3.0'}
14:04:47 [INFO] OddsBandFilter excluded 1 candidates in bands: {'1.0-3.0'}
14:04:49 [INFO] OddsBandFilter excluded 1 candidates in bands: {'1.0-3.0'}
14:04:50 [INFO] OddsBandFilter excluded 1 candidates in bands: {'1.0-3.0'}
14:04:50 [INFO] OddsBandFilter excluded 1 candidates in bands: {'1.0-3.0'}
14:04:51 [INFO] OddsBandFilter excluded 1 candidates in bands: {'1.0-3.0'}
14:04:52 [INFO] OddsBandFilter excluded 1 candidates in bands: {'1.0-3.0'}
14:04:52 [INFO] OddsBandFilter excluded 1 candidates in bands: {'1.0-3.0'}
14:04:53 [INFO] OddsBandFilter excluded 1 candidates in bands: {'1.0-3.0'}
14:04:57 [INFO] OddsBandFilter excluded 1 candidates in bands: {'1.0-3.0'}
14:04:57 [INFO] OddsBandFilter excluded 1 candidates in bands: {'1.0-3.0'}
14:04:59 [INFO] OddsBandFilter excluded 1 candidates in bands: {'1.0-3.0'}
14:05:01 [INFO] OddsBandFilter excluded 1 candidates in bands: {'1.0-3.0'}
14:05:01 [INFO] OddsBandFilter excluded 1 candidates in bands: {'1.0-3.0'}
14:05:03 [INFO] OddsBandFilter excluded 1 candidates in bands: {'1.0-3.0'}
14:05:06 [INFO] OddsBandFilter excluded 1 candidates in bands: {'1.0-3.0'}
14:05:08 [INFO] OddsBandFilter excluded 1 candidates in bands: {'1.0-3.0'}
14:05:09 [INFO] OddsBandFilter excluded 1 candidates in bands: {'1.0-3.0'}
14:05:11 [INFO] OddsBandFilter excluded 1 candidates in bands: {'1.0-3.0'}
14:05:12 [INFO] OddsBandFilter excluded 1 candidates in bands: {'1.0-3.0'}
14:05:12 [INFO] OddsBandFilter excluded 1 candidates in bands: {'1.0-3.0'}
14:05:13 [INFO] OddsBandFilter excluded 1 candidates in bands: {'1.0-3.0'}
14:05:18 [INFO] OddsBandFilter excluded 1 candidates in bands: {'1.0-3.0'}
14:05:18 [INFO] OddsBandFilter excluded 1 candidates in bands: {'1.0-3.0'}
14:05:18 [INFO] OddsBandFilter excluded 1 candidates in bands: {'1.0-3.0'}
14:05:19 [INFO] OddsBandFilter excluded 1 candidates in bands: {'1.0-3.0'}
14:05:20 [INFO] OddsBandFilter excluded 1 candidates in bands: {'1.0-3.0'}
14:05:21 [INFO] OddsBandFilter excluded 1 candidates in bands: {'1.0-3.0'}
14:05:21 [INFO] OddsBandFilter excluded 1 candidates in bands: {'1.0-3.0'}
14:05:23 [INFO] OddsBandFilter excluded 1 candidates in bands: {'1.0-3.0'}
14:05:24 [INFO] OddsBandFilter excluded 1 candidates in bands: {'1.0-3.0'}
14:05:24 [INFO] OddsBandFilter excluded 1 candidates in bands: {'1.0-3.0'}
14:05:26 [INFO] OddsBandFilter excluded 1 candidates in bands: {'1.0-3.0'}
14:05:29 [INFO] OddsBandFilter excluded 1 candidates in bands: {'1.0-3.0'}
14:05:32 [INFO] OddsBandFilter excluded 1 candidates in bands: {'1.0-3.0'}
14:05:33 [INFO] OddsBandFilter excluded 1 candidates in bands: {'1.0-3.0'}
14:05:34 [INFO] OddsBandFilter excluded 1 candidates in bands: {'1.0-3.0'}
14:05:34 [INFO] OddsBandFilter excluded 1 candidates in bands: {'1.0-3.0'}
14:05:35 [INFO] OddsBandFilter excluded 1 candidates in bands: {'1.0-3.0'}
14:05:36 [INFO] OddsBandFilter excluded 1 candidates in bands: {'1.0-3.0'}
14:05:36 [INFO] OddsBandFilter excluded 1 candidates in bands: {'1.0-3.0'}
14:05:37 [INFO] OddsBandFilter excluded 1 candidates in bands: {'1.0-3.0'}
14:05:38 [INFO] OddsBandFilter excluded 1 candidates in bands: {'1.0-3.0'}
14:05:40 [INFO] OddsBandFilter excluded 1 candidates in bands: {'1.0-3.0'}
14:05:41 [INFO] OddsBandFilter excluded 1 candidates in bands: {'1.0-3.0'}
14:05:41 [INFO] OddsBandFilter excluded 1 candidates in bands: {'1.0-3.0'}
14:05:43 [INFO] OddsBandFilter excluded 1 candidates in bands: {'1.0-3.0'}
14:05:44 [INFO] OddsBandFilter excluded 1 candidates in bands: {'1.0-3.0'}
14:05:45 [INFO] OddsBandFilter excluded 1 candidates in bands: {'1.0-3.0'}
14:05:46 [INFO] OddsBandFilter excluded 1 candidates in bands: {'1.0-3.0'}
14:05:46 [INFO] OddsBandFilter excluded 1 candidates in bands: {'1.0-3.0'}
14:05:48 [INFO] OddsBandFilter excluded 1 candidates in bands: {'1.0-3.0'}
14:05:49 [INFO] OddsBandFilter excluded 1 candidates in bands: {'1.0-3.0'}
14:05:50 [INFO] OddsBandFilter excluded 1 candidates in bands: {'1.0-3.0'}
14:05:53 [INFO] OddsBandFilter excluded 1 candidates in bands: {'1.0-3.0'}
14:05:53 [INFO] OddsBandFilter excluded 1 candidates in bands: {'1.0-3.0'}
14:05:53 [INFO] OddsBandFilter excluded 1 candidates in bands: {'1.0-3.0'}
14:05:55 [INFO] OddsBandFilter excluded 1 candidates in bands: {'1.0-3.0'}
14:05:58 [INFO] OddsBandFilter excluded 1 candidates in bands: {'1.0-3.0'}
14:06:01 [INFO] OddsBandFilter excluded 1 candidates in bands: {'1.0-3.0'}
14:06:01 [INFO] OddsBandFilter excluded 1 candidates in bands: {'1.0-3.0'}
14:06:01 [INFO] OddsBandFilter excluded 1 candidates in bands: {'1.0-3.0'}
14:06:03 [INFO] OddsBandFilter excluded 1 candidates in bands: {'1.0-3.0'}
14:06:03 [INFO] OddsBandFilter excluded 1 candidates in bands: {'1.0-3.0'}
14:06:04 [INFO] OddsBandFilter excluded 1 candidates in bands: {'1.0-3.0'}
14:06:06 [INFO] OddsBandFilter excluded 1 candidates in bands: {'1.0-3.0'}
14:06:08 [INFO] OddsBandFilter excluded 1 candidates in bands: {'1.0-3.0'}
14:06:11 [INFO] OddsBandFilter excluded 1 candidates in bands: {'1.0-3.0'}
14:06:12 [INFO] OddsBandFilter excluded 1 candidates in bands: {'1.0-3.0'}
14:06:12 [INFO] OddsBandFilter excluded 1 candidates in bands: {'1.0-3.0'}
14:06:13 [INFO] OddsBandFilter excluded 1 candidates in bands: {'1.0-3.0'}
14:06:16 [INFO] OddsBandFilter excluded 1 candidates in bands: {'1.0-3.0'}
14:06:17 [INFO] OddsBandFilter excluded 1 candidates in bands: {'1.0-3.0'}
14:06:17 [INFO] OddsBandFilter excluded 1 candidates in bands: {'1.0-3.0'}
14:06:19 [INFO] OddsBandFilter excluded 1 candidates in bands: {'1.0-3.0'}
14:06:20 [INFO] OddsBandFilter excluded 1 candidates in bands: {'1.0-3.0'}
14:06:20 [INFO] OddsBandFilter excluded 1 candidates in bands: {'1.0-3.0'}
14:06:24 [INFO] OddsBandFilter excluded 1 candidates in bands: {'1.0-3.0'}
14:06:24 [INFO] OddsBandFilter excluded 1 candidates in bands: {'1.0-3.0'}
14:06:26 [INFO] OddsBandFilter excluded 1 candidates in bands: {'1.0-3.0'}
14:06:27 [INFO] OddsBandFilter excluded 1 candidates in bands: {'1.0-3.0'}
14:06:27 [INFO] OddsBandFilter excluded 1 candidates in bands: {'1.0-3.0'}
14:06:27 [INFO] OddsBandFilter excluded 1 candidates in bands: {'1.0-3.0'}
14:06:27 [INFO] OddsBandFilter excluded 1 candidates in bands: {'1.0-3.0'}
14:06:31 [INFO] OddsBandFilter excluded 1 candidates in bands: {'1.0-3.0'}
14:06:32 [INFO] OddsBandFilter excluded 1 candidates in bands: {'1.0-3.0'}
14:06:32 [INFO] OddsBandFilter excluded 1 candidates in bands: {'1.0-3.0'}
14:06:33 [INFO] OddsBandFilter excluded 1 candidates in bands: {'1.0-3.0'}
14:06:34 [INFO] OddsBandFilter excluded 1 candidates in bands: {'1.0-3.0'}
14:06:35 [INFO] OddsBandFilter excluded 1 candidates in bands: {'1.0-3.0'}
14:06:38 [INFO] OddsBandFilter excluded 1 candidates in bands: {'1.0-3.0'}
14:06:40 [INFO] OddsBandFilter excluded 1 candidates in bands: {'1.0-3.0'}
14:06:40 [INFO] OddsBandFilter excluded 1 candidates in bands: {'1.0-3.0'}
14:06:41 [INFO] OddsBandFilter excluded 1 candidates in bands: {'1.0-3.0'}
14:06:42 [INFO] OddsBandFilter excluded 1 candidates in bands: {'1.0-3.0'}
14:06:42 [INFO] OddsBandFilter excluded 1 candidates in bands: {'1.0-3.0'}
14:06:47 [INFO] OddsBandFilter excluded 1 candidates in bands: {'1.0-3.0'}
14:06:47 [INFO] OddsBandFilter excluded 1 candidates in bands: {'1.0-3.0'}
14:06:47 [INFO] OddsBandFilter excluded 1 candidates in bands: {'1.0-3.0'}
14:06:48 [INFO] OddsBandFilter excluded 1 candidates in bands: {'1.0-3.0'}
14:06:49 [INFO] OddsBandFilter excluded 1 candidates in bands: {'1.0-3.0'}
14:06:50 [INFO] OddsBandFilter excluded 1 candidates in bands: {'1.0-3.0'}
14:06:51 [INFO] OddsBandFilter excluded 1 candidates in bands: {'1.0-3.0'}
14:06:53 [INFO] OddsBandFilter excluded 1 candidates in bands: {'1.0-3.0'}
14:06:54 [INFO] OddsBandFilter excluded 1 candidates in bands: {'1.0-3.0'}
14:06:55 [INFO] OddsBandFilter excluded 1 candidates in bands: {'1.0-3.0'}
14:06:56 [INFO] OddsBandFilter excluded 1 candidates in bands: {'1.0-3.0'}
14:07:00 [INFO] OddsBandFilter excluded 1 candidates in bands: {'1.0-3.0'}
14:07:00 [INFO] OddsBandFilter excluded 1 candidates in bands: {'1.0-3.0'}
14:07:01 [INFO] OddsBandFilter excluded 1 candidates in bands: {'1.0-3.0'}
14:07:01 [INFO] OddsBandFilter excluded 1 candidates in bands: {'1.0-3.0'}
14:07:01 [INFO] OddsBandFilter excluded 1 candidates in bands: {'1.0-3.0'}
14:07:02 [INFO] OddsBandFilter excluded 1 candidates in bands: {'1.0-3.0'}
14:07:02 [INFO] OddsBandFilter excluded 1 candidates in bands: {'1.0-3.0'}
14:07:04 [INFO] OddsBandFilter excluded 1 candidates in bands: {'1.0-3.0'}
14:07:05 [INFO] OddsBandFilter excluded 1 candidates in bands: {'1.0-3.0'}
14:07:05 [INFO] OddsBandFilter excluded 1 candidates in bands: {'1.0-3.0'}
14:07:05 [INFO] OddsBandFilter excluded 1 candidates in bands: {'1.0-3.0'}
14:07:06 [INFO] OddsBandFilter excluded 1 candidates in bands: {'1.0-3.0'}
14:07:07 [INFO] OddsBandFilter excluded 1 candidates in bands: {'1.0-3.0'}
14:07:08 [INFO] OddsBandFilter excluded 1 candidates in bands: {'1.0-3.0'}
14:07:08 [INFO] OddsBandFilter excluded 1 candidates in bands: {'1.0-3.0'}
14:07:13 [INFO] OddsBandFilter excluded 1 candidates in bands: {'1.0-3.0'}
14:07:14 [INFO] OddsBandFilter excluded 1 candidates in bands: {'1.0-3.0'}
14:07:15 [INFO] OddsBandFilter excluded 1 candidates in bands: {'1.0-3.0'}
14:07:15 [INFO] OddsBandFilter excluded 1 candidates in bands: {'1.0-3.0'}
14:07:16 [INFO] OddsBandFilter excluded 1 candidates in bands: {'1.0-3.0'}
14:07:19 [INFO] OddsBandFilter excluded 1 candidates in bands: {'1.0-3.0'}
14:07:20 [INFO] OddsBandFilter excluded 1 candidates in bands: {'1.0-3.0'}
14:07:23 [INFO] OddsBandFilter excluded 1 candidates in bands: {'1.0-3.0'}
14:07:25 [INFO] OddsBandFilter excluded 1 candidates in bands: {'1.0-3.0'}
14:07:28 [INFO] OddsBandFilter excluded 1 candidates in bands: {'1.0-3.0'}
14:07:31 [INFO] OddsBandFilter excluded 1 candidates in bands: {'1.0-3.0'}
14:07:31 [INFO] OddsBandFilter excluded 1 candidates in bands: {'1.0-3.0'}
14:07:32 [INFO] OddsBandFilter excluded 1 candidates in bands: {'1.0-3.0'}
14:07:34 [INFO] OddsBandFilter excluded 1 candidates in bands: {'1.0-3.0'}
14:07:34 [INFO] OddsBandFilter excluded 1 candidates in bands: {'1.0-3.0'}
14:07:35 [INFO] OddsBandFilter excluded 1 candidates in bands: {'1.0-3.0'}
14:07:36 [INFO] OddsBandFilter excluded 1 candidates in bands: {'1.0-3.0'}
14:07:38 [INFO] OddsBandFilter excluded 1 candidates in bands: {'1.0-3.0'}
14:07:39 [INFO] OddsBandFilter excluded 1 candidates in bands: {'1.0-3.0'}
14:07:40 [INFO] OddsBandFilter excluded 1 candidates in bands: {'1.0-3.0'}
14:07:41 [INFO] OddsBandFilter excluded 1 candidates in bands: {'1.0-3.0'}
14:07:45 [INFO] OddsBandFilter excluded 1 candidates in bands: {'1.0-3.0'}
14:07:49 [INFO] OddsBandFilter excluded 1 candidates in bands: {'1.0-3.0'}
14:07:49 [INFO] OddsBandFilter excluded 1 candidates in bands: {'1.0-3.0'}
14:07:49 [INFO] OddsBandFilter excluded 1 candidates in bands: {'1.0-3.0'}
14:07:50 [INFO] OddsBandFilter excluded 1 candidates in bands: {'1.0-3.0'}
14:07:51 [INFO] OddsBandFilter excluded 1 candidates in bands: {'1.0-3.0'}
14:07:53 [INFO] OddsBandFilter excluded 1 candidates in bands: {'1.0-3.0'}
14:07:54 [INFO] OddsBandFilter excluded 1 candidates in bands: {'1.0-3.0'}
14:07:57 [INFO] OddsBandFilter excluded 1 candidates in bands: {'1.0-3.0'}
14:07:57 [INFO] OddsBandFilter excluded 1 candidates in bands: {'1.0-3.0'}
14:07:58 [INFO] OddsBandFilter excluded 1 candidates in bands: {'1.0-3.0'}
14:08:01 [INFO] OddsBandFilter excluded 1 candidates in bands: {'1.0-3.0'}
14:08:02 [INFO] OddsBandFilter excluded 1 candidates in bands: {'1.0-3.0'}
14:08:04 [INFO] OddsBandFilter excluded 1 candidates in bands: {'1.0-3.0'}
14:08:10 [INFO] OddsBandFilter excluded 1 candidates in bands: {'1.0-3.0'}
14:08:10 [INFO] OddsBandFilter excluded 1 candidates in bands: {'1.0-3.0'}
14:08:11 [INFO] OddsBandFilter excluded 1 candidates in bands: {'1.0-3.0'}
14:08:13 [INFO] OddsBandFilter excluded 1 candidates in bands: {'1.0-3.0'}
14:08:13 [INFO] OddsBandFilter excluded 1 candidates in bands: {'1.0-3.0'}
14:08:13 [INFO] OddsBandFilter excluded 1 candidates in bands: {'1.0-3.0'}
14:08:14 [INFO] OddsBandFilter excluded 1 candidates in bands: {'1.0-3.0'}
14:08:17 [INFO] OddsBandFilter excluded 1 candidates in bands: {'1.0-3.0'}
14:08:18 [INFO] OddsBandFilter excluded 1 candidates in bands: {'1.0-3.0'}
14:08:19 [INFO] OddsBandFilter excluded 1 candidates in bands: {'1.0-3.0'}
14:08:20 [INFO] OddsBandFilter excluded 1 candidates in bands: {'1.0-3.0'}
14:08:21 [INFO] OddsBandFilter excluded 1 candidates in bands: {'1.0-3.0'}
14:08:22 [INFO] OddsBandFilter excluded 1 candidates in bands: {'1.0-3.0'}
14:08:23 [INFO] OddsBandFilter excluded 1 candidates in bands: {'1.0-3.0'}
14:08:24 [INFO] OddsBandFilter excluded 1 candidates in bands: {'1.0-3.0'}
14:08:26 [INFO] OddsBandFilter excluded 1 candidates in bands: {'1.0-3.0'}
14:08:26 [INFO] OddsBandFilter excluded 1 candidates in bands: {'1.0-3.0'}
14:08:28 [INFO] OddsBandFilter excluded 1 candidates in bands: {'1.0-3.0'}
14:08:29 [INFO] OddsBandFilter excluded 1 candidates in bands: {'1.0-3.0'}
14:08:30 [INFO] OddsBandFilter excluded 1 candidates in bands: {'1.0-3.0'}
14:08:30 [INFO] OddsBandFilter excluded 1 candidates in bands: {'1.0-3.0'}
14:08:31 [INFO] OddsBandFilter excluded 1 candidates in bands: {'1.0-3.0'}
14:08:33 [INFO] OddsBandFilter excluded 1 candidates in bands: {'1.0-3.0'}
14:08:35 [INFO] OddsBandFilter excluded 1 candidates in bands: {'1.0-3.0'}
14:08:35 [INFO] OddsBandFilter excluded 1 candidates in bands: {'1.0-3.0'}
14:08:37 [INFO] OddsBandFilter excluded 1 candidates in bands: {'1.0-3.0'}
14:08:37 [INFO] OddsBandFilter excluded 1 candidates in bands: {'1.0-3.0'}
14:08:37 [INFO] OddsBandFilter excluded 1 candidates in bands: {'1.0-3.0'}
14:08:38 [INFO] OddsBandFilter excluded 1 candidates in bands: {'1.0-3.0'}
14:08:39 [INFO] OddsBandFilter excluded 1 candidates in bands: {'1.0-3.0'}
14:08:39 [INFO] OddsBandFilter excluded 1 candidates in bands: {'1.0-3.0'}
14:08:40 [INFO] OddsBandFilter excluded 1 candidates in bands: {'1.0-3.0'}
14:08:41 [INFO] OddsBandFilter excluded 1 candidates in bands: {'1.0-3.0'}
14:08:42 [INFO] OddsBandFilter excluded 1 candidates in bands: {'1.0-3.0'}
14:08:43 [INFO] OddsBandFilter excluded 1 candidates in bands: {'1.0-3.0'}
14:08:43 [INFO] OddsBandFilter excluded 1 candidates in bands: {'1.0-3.0'}
14:08:44 [INFO] OddsBandFilter excluded 1 candidates in bands: {'1.0-3.0'}
14:08:45 [INFO] OddsBandFilter excluded 1 candidates in bands: {'1.0-3.0'}
14:08:45 [INFO] OddsBandFilter excluded 1 candidates in bands: {'1.0-3.0'}
14:08:46 [INFO] OddsBandFilter excluded 1 candidates in bands: {'1.0-3.0'}
14:08:46 [INFO] OddsBandFilter excluded 1 candidates in bands: {'1.0-3.0'}
14:08:47 [INFO] OddsBandFilter excluded 1 candidates in bands: {'1.0-3.0'}
14:08:49 [INFO] OddsBandFilter excluded 1 candidates in bands: {'1.0-3.0'}
14:08:50 [INFO] OddsBandFilter excluded 1 candidates in bands: {'1.0-3.0'}
14:08:51 [INFO] OddsBandFilter excluded 1 candidates in bands: {'1.0-3.0'}
14:08:51 [INFO] OddsBandFilter excluded 1 candidates in bands: {'1.0-3.0'}
14:08:53 [INFO] OddsBandFilter excluded 1 candidates in bands: {'1.0-3.0'}
14:08:53 [INFO] OddsBandFilter excluded 1 candidates in bands: {'1.0-3.0'}
14:08:54 [INFO] OddsBandFilter excluded 1 candidates in bands: {'1.0-3.0'}
14:08:54 [INFO] OddsBandFilter excluded 1 candidates in bands: {'1.0-3.0'}
14:08:55 [INFO] OddsBandFilter excluded 1 candidates in bands: {'1.0-3.0'}
14:08:59 [INFO] OddsBandFilter excluded 1 candidates in bands: {'1.0-3.0'}
14:08:59 [INFO] OddsBandFilter excluded 1 candidates in bands: {'1.0-3.0'}
14:09:02 [INFO] OddsBandFilter excluded 1 candidates in bands: {'1.0-3.0'}
14:09:03 [INFO] OddsBandFilter excluded 1 candidates in bands: {'1.0-3.0'}
14:09:03 [INFO] OddsBandFilter excluded 1 candidates in bands: {'1.0-3.0'}
14:09:04 [INFO] OddsBandFilter excluded 1 candidates in bands: {'1.0-3.0'}
14:09:05 [INFO] OddsBandFilter excluded 1 candidates in bands: {'1.0-3.0'}
14:09:06 [INFO] OddsBandFilter excluded 1 candidates in bands: {'1.0-3.0'}
14:09:06 [INFO] OddsBandFilter excluded 1 candidates in bands: {'1.0-3.0'}
14:09:06 [INFO] OddsBandFilter excluded 1 candidates in bands: {'1.0-3.0'}
14:09:11 [INFO] OddsBandFilter excluded 1 candidates in bands: {'1.0-3.0'}
14:09:12 [INFO] OddsBandFilter excluded 1 candidates in bands: {'1.0-3.0'}
14:09:13 [INFO] OddsBandFilter excluded 1 candidates in bands: {'1.0-3.0'}
14:09:14 [INFO] OddsBandFilter excluded 1 candidates in bands: {'1.0-3.0'}
14:09:14 [INFO] OddsBandFilter excluded 1 candidates in bands: {'1.0-3.0'}
14:09:15 [INFO] OddsBandFilter excluded 1 candidates in bands: {'1.0-3.0'}
14:09:17 [INFO] OddsBandFilter excluded 1 candidates in bands: {'1.0-3.0'}
14:09:17 [INFO] OddsBandFilter excluded 1 candidates in bands: {'1.0-3.0'}
14:09:18 [INFO] OddsBandFilter excluded 1 candidates in bands: {'1.0-3.0'}
14:09:18 [INFO] OddsBandFilter excluded 1 candidates in bands: {'1.0-3.0'}
14:09:19 [INFO] OddsBandFilter excluded 1 candidates in bands: {'1.0-3.0'}
14:09:19 [INFO] OddsBandFilter excluded 1 candidates in bands: {'1.0-3.0'}
14:09:20 [INFO] OddsBandFilter excluded 1 candidates in bands: {'1.0-3.0'}
14:09:23 [INFO] OddsBandFilter excluded 1 candidates in bands: {'1.0-3.0'}
14:09:23 [INFO] OddsBandFilter excluded 1 candidates in bands: {'1.0-3.0'}
14:09:23 [INFO] OddsBandFilter excluded 1 candidates in bands: {'1.0-3.0'}
14:09:24 [INFO] OddsBandFilter excluded 1 candidates in bands: {'1.0-3.0'}
14:09:24 [INFO] OddsBandFilter excluded 1 candidates in bands: {'1.0-3.0'}
14:09:25 [INFO] OddsBandFilter excluded 1 candidates in bands: {'1.0-3.0'}
14:09:26 [INFO] OddsBandFilter excluded 1 candidates in bands: {'1.0-3.0'}
14:09:28 [INFO] OddsBandFilter excluded 1 candidates in bands: {'1.0-3.0'}
14:09:29 [INFO] OddsBandFilter excluded 1 candidates in bands: {'1.0-3.0'}
14:09:29 [INFO] OddsBandFilter excluded 1 candidates in bands: {'1.0-3.0'}
14:09:29 [INFO] OddsBandFilter excluded 1 candidates in bands: {'1.0-3.0'}
14:09:29 [INFO] OddsBandFilter excluded 1 candidates in bands: {'1.0-3.0'}
14:09:31 [INFO] OddsBandFilter excluded 1 candidates in bands: {'1.0-3.0'}
14:09:32 [INFO] OddsBandFilter excluded 1 candidates in bands: {'1.0-3.0'}
14:09:33 [INFO] OddsBandFilter excluded 1 candidates in bands: {'1.0-3.0'}
14:09:34 [INFO] OddsBandFilter excluded 1 candidates in bands: {'1.0-3.0'}
14:09:35 [INFO] OddsBandFilter excluded 1 candidates in bands: {'1.0-3.0'}
14:09:37 [INFO] OddsBandFilter excluded 1 candidates in bands: {'1.0-3.0'}
14:09:38 [INFO] OddsBandFilter excluded 1 candidates in bands: {'1.0-3.0'}
14:09:38 [INFO] OddsBandFilter excluded 1 candidates in bands: {'1.0-3.0'}
14:09:39 [INFO] OddsBandFilter excluded 1 candidates in bands: {'1.0-3.0'}
14:09:41 [INFO] OddsBandFilter excluded 1 candidates in bands: {'1.0-3.0'}
14:09:42 [INFO] OddsBandFilter excluded 1 candidates in bands: {'1.0-3.0'}
14:09:42 [INFO] OddsBandFilter excluded 1 candidates in bands: {'1.0-3.0'}
14:09:46 [INFO] OddsBandFilter excluded 1 candidates in bands: {'1.0-3.0'}
14:09:49 [INFO] OddsBandFilter excluded 1 candidates in bands: {'1.0-3.0'}
14:09:52 [INFO] OddsBandFilter excluded 1 candidates in bands: {'1.0-3.0'}
14:09:52 [INFO] OddsBandFilter excluded 1 candidates in bands: {'1.0-3.0'}
14:09:53 [INFO] OddsBandFilter excluded 1 candidates in bands: {'1.0-3.0'}
14:09:57 [INFO] OddsBandFilter excluded 1 candidates in bands: {'1.0-3.0'}
14:09:58 [INFO] OddsBandFilter excluded 1 candidates in bands: {'1.0-3.0'}
14:10:02 [INFO] OddsBandFilter excluded 1 candidates in bands: {'1.0-3.0'}
14:10:03 [INFO] OddsBandFilter excluded 1 candidates in bands: {'1.0-3.0'}
14:10:04 [INFO] OddsBandFilter excluded 1 candidates in bands: {'1.0-3.0'}
14:10:06 [INFO] OddsBandFilter excluded 1 candidates in bands: {'1.0-3.0'}
14:10:07 [INFO] OddsBandFilter excluded 1 candidates in bands: {'1.0-3.0'}
14:10:07 [INFO] OddsBandFilter excluded 1 candidates in bands: {'1.0-3.0'}
14:10:08 [INFO] OddsBandFilter excluded 1 candidates in bands: {'1.0-3.0'}
14:10:09 [INFO] OddsBandFilter excluded 1 candidates in bands: {'1.0-3.0'}
14:10:10 [INFO] OddsBandFilter excluded 1 candidates in bands: {'1.0-3.0'}
14:10:11 [INFO] OddsBandFilter excluded 1 candidates in bands: {'1.0-3.0'}
14:10:12 [INFO] OddsBandFilter excluded 1 candidates in bands: {'1.0-3.0'}
14:10:15 [INFO] OddsBandFilter excluded 1 candidates in bands: {'1.0-3.0'}
14:10:15 [INFO] OddsBandFilter excluded 1 candidates in bands: {'1.0-3.0'}
14:10:15 [INFO] OddsBandFilter excluded 1 candidates in bands: {'1.0-3.0'}
14:10:19 [INFO] OddsBandFilter excluded 1 candidates in bands: {'1.0-3.0'}
14:10:20 [INFO] OddsBandFilter excluded 1 candidates in bands: {'1.0-3.0'}
14:10:21 [INFO] OddsBandFilter excluded 1 candidates in bands: {'1.0-3.0'}
14:10:22 [INFO] OddsBandFilter excluded 1 candidates in bands: {'1.0-3.0'}
14:10:24 [INFO] OddsBandFilter excluded 1 candidates in bands: {'1.0-3.0'}
14:10:24 [INFO] OddsBandFilter excluded 1 candidates in bands: {'1.0-3.0'}
14:10:24 [INFO] OddsBandFilter excluded 1 candidates in bands: {'1.0-3.0'}
14:10:25 [INFO] OddsBandFilter excluded 1 candidates in bands: {'1.0-3.0'}
14:10:28 [INFO] OddsBandFilter excluded 1 candidates in bands: {'1.0-3.0'}
14:10:28 [INFO] OddsBandFilter excluded 1 candidates in bands: {'1.0-3.0'}
14:10:33 [INFO] OddsBandFilter excluded 1 candidates in bands: {'1.0-3.0'}
14:10:34 [INFO] OddsBandFilter excluded 1 candidates in bands: {'1.0-3.0'}
14:10:35 [INFO] OddsBandFilter excluded 1 candidates in bands: {'1.0-3.0'}
14:10:38 [INFO] OddsBandFilter excluded 1 candidates in bands: {'1.0-3.0'}
14:10:38 [INFO] OddsBandFilter excluded 1 candidates in bands: {'1.0-3.0'}
14:10:39 [INFO] OddsBandFilter excluded 1 candidates in bands: {'1.0-3.0'}
14:10:39 [INFO] OddsBandFilter excluded 1 candidates in bands: {'1.0-3.0'}
14:10:40 [INFO] OddsBandFilter excluded 1 candidates in bands: {'1.0-3.0'}
14:10:40 [INFO] OddsBandFilter excluded 1 candidates in bands: {'1.0-3.0'}
14:10:41 [INFO] OddsBandFilter excluded 1 candidates in bands: {'1.0-3.0'}
14:10:41 [INFO] OddsBandFilter excluded 1 candidates in bands: {'1.0-3.0'}
14:10:41 [INFO] OddsBandFilter excluded 1 candidates in bands: {'1.0-3.0'}
14:10:42 [INFO] OddsBandFilter excluded 1 candidates in bands: {'1.0-3.0'}
14:10:43 [INFO] OddsBandFilter excluded 1 candidates in bands: {'1.0-3.0'}
14:10:43 [INFO] OddsBandFilter excluded 1 candidates in bands: {'1.0-3.0'}
14:10:44 [INFO] OddsBandFilter excluded 1 candidates in bands: {'1.0-3.0'}
14:10:44 [INFO] OddsBandFilter excluded 1 candidates in bands: {'1.0-3.0'}
14:10:46 [INFO] OddsBandFilter excluded 1 candidates in bands: {'1.0-3.0'}
14:10:46 [INFO] OddsBandFilter excluded 1 candidates in bands: {'1.0-3.0'}
14:10:47 [INFO] OddsBandFilter excluded 1 candidates in bands: {'1.0-3.0'}
14:10:49 [INFO] OddsBandFilter excluded 1 candidates in bands: {'1.0-3.0'}
14:10:50 [INFO] OddsBandFilter excluded 1 candidates in bands: {'1.0-3.0'}
14:10:52 [INFO] OddsBandFilter excluded 1 candidates in bands: {'1.0-3.0'}
14:10:56 [INFO] OddsBandFilter excluded 1 candidates in bands: {'1.0-3.0'}
14:10:59 [INFO] OddsBandFilter excluded 1 candidates in bands: {'1.0-3.0'}
14:11:00 [INFO] OddsBandFilter excluded 1 candidates in bands: {'1.0-3.0'}
14:11:00 [INFO] OddsBandFilter excluded 1 candidates in bands: {'1.0-3.0'}
14:11:01 [INFO] OddsBandFilter excluded 1 candidates in bands: {'1.0-3.0'}
14:11:01 [INFO] OddsBandFilter excluded 1 candidates in bands: {'1.0-3.0'}
14:11:04 [INFO] OddsBandFilter excluded 1 candidates in bands: {'1.0-3.0'}
14:11:04 [INFO] OddsBandFilter excluded 1 candidates in bands: {'1.0-3.0'}
14:11:05 [INFO] OddsBandFilter excluded 1 candidates in bands: {'1.0-3.0'}
14:11:05 [INFO] OddsBandFilter excluded 1 candidates in bands: {'1.0-3.0'}
14:11:06 [INFO] OddsBandFilter excluded 1 candidates in bands: {'1.0-3.0'}
14:11:07 [INFO] OddsBandFilter excluded 1 candidates in bands: {'1.0-3.0'}
14:11:07 [INFO] OddsBandFilter excluded 1 candidates in bands: {'1.0-3.0'}
14:11:09 [INFO] OddsBandFilter excluded 1 candidates in bands: {'1.0-3.0'}
14:11:10 [INFO] OddsBandFilter excluded 1 candidates in bands: {'1.0-3.0'}
14:11:12 [INFO] OddsBandFilter excluded 1 candidates in bands: {'1.0-3.0'}
14:11:13 [INFO] Race diagnostics saved: 3327 records -> data\backtest\shadow_ridge_shadow_race_diagnostics.csv
14:11:16 [INFO] Horse diagnostics saved: 45437 records -> data\backtest\shadow_ridge_shadow_horse_diagnostics.csv
14:11:20 [INFO] Feature diagnostics saved: 45437 records -> data\backtest\shadow_ridge_shadow_horse_features.parquet
14:11:20 [INFO] Bet Selection Filters: EV_excluded=0, COLLAPSED_skipped=0
14:11:20 [INFO] OddsBandFilter excluded 747 candidates in bands: {'1.0-3.0': {'roi': 0.9468264686022958, 'count': 2962}}
14:11:20 [INFO] Validation report saved: data\validation\validation_report.json
14:11:22 [INFO] Loading StackedEnsemble: data\models-backtest\2025\win_hit_turf.joblib
14:11:22 [INFO] Place model files not found for turf, skipping (betting_target=win?)
14:11:22 [INFO] Loading StackedEnsemble: data\models-backtest\2025\win_hit_dirt.joblib
14:11:22 [INFO] Place model files not found for dirt, skipping (betting_target=win?)
14:13:23 [INFO] Loaded win payout map: 3455 entries
14:13:23 [INFO] Feature cache HIT: feat_a1ab3907143c70db
14:13:23 [INFO] Skipping wide odds pivot for betting_target=win
14:13:23 [INFO] Pre-computing HorseHistoryFeatures for 3335 races...
14:18:48 [INFO] Pre-computing JockeyContextFeatures for 46499 entries...
14:18:49 [INFO] Pre-computing TrainerContextFeatures for 46499 entries...
14:18:49 [INFO] Pre-computing JockeyTrainerComboFeatures for 46499 entries...
14:19:08 [INFO] Computing SireFeatures for backtest inference...
14:19:36 [INFO] Pre-computing PaceAptitudeFeatures...
14:19:58 [INFO] Pre-computing CourseFeatures...
14:20:21 [INFO] Merged hist features into feat_df: 67 columns
14:20:22 [INFO] [features] 3335 groups, 46160 rows, 175.2 MB
14:20:22 [INFO] [jockey] 3336 groups, 46499 rows, 2.4 MB
14:20:22 [INFO] [trainer] 3336 groups, 46499 rows, 2.4 MB
14:20:22 [INFO] [jockey_trainer] 3336 groups, 46499 rows, 2.7 MB
14:25:15 [INFO] Loaded win payout map: 13822 entries
14:25:15 [INFO] Feature cache HIT: feat_29c4eb276e014a90
14:25:16 [INFO] Skipping wide odds pivot for betting_target=win
14:25:16 [INFO] Pre-computing HorseHistoryFeatures for 13316 races...
14:43:23 [INFO] Pre-computing JockeyContextFeatures for 184177 entries...
14:43:24 [INFO] Pre-computing TrainerContextFeatures for 184177 entries...
14:43:26 [INFO] Pre-computing JockeyTrainerComboFeatures for 184177 entries...
14:43:46 [INFO] Computing SireFeatures for backtest inference...
14:44:21 [INFO] Pre-computing PaceAptitudeFeatures...
14:45:00 [INFO] Pre-computing CourseFeatures...
14:45:41 [INFO] Merged hist features into feat_df: 67 columns
14:45:45 [INFO] [features] 13316 groups, 182904 rows, 694.1 MB
14:45:45 [INFO] [jockey] 13318 groups, 184177 rows, 9.6 MB
14:45:47 [INFO] [trainer] 13318 groups, 184177 rows, 9.6 MB
14:45:47 [INFO] [jockey_trainer] 13318 groups, 184177 rows, 11.0 MB
15:39:56 [WARNING] Win payout missing for 2024031709010806 umaban=12, using tanodds fallback=3.6
16:13:49 [INFO] Race diagnostics saved: 13316 records -> data\backtest\shadow_baseline_train_race_diagnostics.csv
16:14:16 [INFO] Horse diagnostics saved: 182904 records -> data\backtest\shadow_baseline_train_horse_diagnostics.csv
16:14:41 [INFO] Feature diagnostics saved: 182904 records -> data\backtest\shadow_baseline_train_horse_features.parquet
16:14:41 [INFO] Bet Selection Filters: EV_excluded=0, COLLAPSED_skipped=0
16:14:41 [INFO] Validation report saved: data\validation\validation_report.json
16:14:47 [INFO] 自動training_bet_history生成完了: 13316 bets, ROI=271.4% (2021-01-01 ~ 2024-12-31)
16:14:47 [INFO] OddsBandFilter calibration: excluded_bands=set(), band_roi={'1.0-3.0': 1.1627880184331798, '3.0-10.0': 1.6734005620763763, '10.0-30.0': 3.2387636831938185, '30.0+': 5.74540206185567}, band_counts={'1.0-3.0': 1736, '3.0-10.0': 6049, '10.0-30.0': 3106, '30.0+': 2425}
16:27:58 [WARNING] Win payout missing for 2025082304030112 umaban=11, using tanodds fallback=4.8
16:37:38 [INFO] Race diagnostics saved: 3335 records -> data\backtest\shadow_baseline_race_diagnostics.csv
16:37:45 [INFO] Horse diagnostics saved: 46160 records -> data\backtest\shadow_baseline_horse_diagnostics.csv
16:37:52 [INFO] Feature diagnostics saved: 46160 records -> data\backtest\shadow_baseline_horse_features.parquet
16:37:52 [INFO] Bet Selection Filters: EV_excluded=0, COLLAPSED_skipped=0
16:37:52 [INFO] Validation report saved: data\validation\validation_report.json
16:37:54 [INFO] Loading StackedEnsemble: data\models-backtest\2025\win_hit_turf.joblib
16:37:54 [INFO] Place model files not found for turf, skipping (betting_target=win?)
16:37:54 [INFO] Loading StackedEnsemble: data\models-backtest\2025\win_hit_dirt.joblib
16:37:54 [INFO] Place model files not found for dirt, skipping (betting_target=win?)
16:40:46 [INFO] Loaded win payout map: 3455 entries
16:40:47 [INFO] Feature cache HIT: feat_a1ab3907143c70db
16:40:47 [INFO] Skipping wide odds pivot for betting_target=win
16:40:47 [INFO] Pre-computing HorseHistoryFeatures for 3335 races...
16:47:23 [INFO] Pre-computing JockeyContextFeatures for 46499 entries...
16:47:23 [INFO] Pre-computing TrainerContextFeatures for 46499 entries...
16:47:24 [INFO] Pre-computing JockeyTrainerComboFeatures for 46499 entries...
16:47:44 [INFO] Computing SireFeatures for backtest inference...
16:48:12 [INFO] Pre-computing PaceAptitudeFeatures...
16:48:32 [INFO] Pre-computing CourseFeatures...
16:48:56 [INFO] Merged hist features into feat_df: 67 columns
16:48:56 [INFO] [features] 3335 groups, 46160 rows, 175.2 MB
16:48:56 [INFO] [jockey] 3336 groups, 46499 rows, 2.4 MB
16:48:56 [INFO] [trainer] 3336 groups, 46499 rows, 2.4 MB
16:48:57 [INFO] [jockey_trainer] 3336 groups, 46499 rows, 2.7 MB
16:53:38 [INFO] Loaded win payout map: 13822 entries
16:53:38 [INFO] Feature cache HIT: feat_29c4eb276e014a90
16:53:39 [INFO] Skipping wide odds pivot for betting_target=win
16:53:39 [INFO] Pre-computing HorseHistoryFeatures for 13316 races...
17:11:56 [INFO] Pre-computing JockeyContextFeatures for 184177 entries...
17:11:58 [INFO] Pre-computing TrainerContextFeatures for 184177 entries...
17:12:00 [INFO] Pre-computing JockeyTrainerComboFeatures for 184177 entries...
17:12:26 [INFO] Computing SireFeatures for backtest inference...
17:13:00 [INFO] Pre-computing PaceAptitudeFeatures...
17:13:40 [INFO] Pre-computing CourseFeatures...
17:14:23 [INFO] Merged hist features into feat_df: 67 columns
17:14:26 [INFO] [features] 13316 groups, 182904 rows, 694.1 MB
17:14:27 [INFO] [jockey] 13318 groups, 184177 rows, 9.6 MB
17:14:29 [INFO] [trainer] 13318 groups, 184177 rows, 9.6 MB
17:14:29 [INFO] [jockey_trainer] 13318 groups, 184177 rows, 11.0 MB
17:21:05 [WARNING] Win payout missing for 2021041009020510 umaban=11, using tanodds fallback=1.9
17:22:40 [WARNING] Win payout missing for 2021050209021204 umaban=7, using tanodds fallback=1.5
18:14:09 [WARNING] Win payout missing for 2024031709010806 umaban=12, using tanodds fallback=3.6
18:50:25 [INFO] Race diagnostics saved: 13316 records -> data\backtest\shadow_ridge_shadow_train_race_diagnostics.csv
18:50:53 [INFO] Horse diagnostics saved: 182904 records -> data\backtest\shadow_ridge_shadow_train_horse_diagnostics.csv
18:51:20 [INFO] Feature diagnostics saved: 182904 records -> data\backtest\shadow_ridge_shadow_train_horse_features.parquet
18:51:20 [INFO] Bet Selection Filters: EV_excluded=0, COLLAPSED_skipped=0
18:51:20 [INFO] Validation report saved: data\validation\validation_report.json
18:51:26 [INFO] 自動training_bet_history生成完了: 13316 bets, ROI=252.7% (2021-01-01 ~ 2024-12-31)
18:51:26 [INFO] OddsBandFilter calibration: excluded_bands={'1.0-3.0'}, band_roi={'1.0-3.0': 0.9214881780250348, '3.0-10.0': 1.5245262390670553, '10.0-30.0': 3.4494089834515367, '30.0+': 5.748550124275062}, band_counts={'1.0-3.0': 2876, '3.0-10.0': 5488, '10.0-30.0': 2538, '30.0+': 2414}
18:51:27 [INFO] OddsBandFilter excluded 1 candidates in bands: {'1.0-3.0'}
18:51:29 [INFO] OddsBandFilter excluded 1 candidates in bands: {'1.0-3.0'}
18:51:31 [INFO] OddsBandFilter excluded 1 candidates in bands: {'1.0-3.0'}
18:51:33 [INFO] OddsBandFilter excluded 1 candidates in bands: {'1.0-3.0'}
18:51:36 [INFO] OddsBandFilter excluded 1 candidates in bands: {'1.0-3.0'}
18:51:37 [INFO] OddsBandFilter excluded 1 candidates in bands: {'1.0-3.0'}
18:51:45 [INFO] OddsBandFilter excluded 1 candidates in bands: {'1.0-3.0'}
18:51:52 [INFO] OddsBandFilter excluded 1 candidates in bands: {'1.0-3.0'}
18:51:54 [INFO] OddsBandFilter excluded 1 candidates in bands: {'1.0-3.0'}
18:51:56 [INFO] OddsBandFilter excluded 1 candidates in bands: {'1.0-3.0'}
18:51:59 [INFO] OddsBandFilter excluded 1 candidates in bands: {'1.0-3.0'}
18:52:02 [INFO] OddsBandFilter excluded 1 candidates in bands: {'1.0-3.0'}
18:52:03 [INFO] OddsBandFilter excluded 1 candidates in bands: {'1.0-3.0'}
18:52:03 [INFO] OddsBandFilter excluded 1 candidates in bands: {'1.0-3.0'}
18:52:04 [INFO] OddsBandFilter excluded 1 candidates in bands: {'1.0-3.0'}
18:52:04 [INFO] OddsBandFilter excluded 1 candidates in bands: {'1.0-3.0'}
18:52:08 [INFO] OddsBandFilter excluded 1 candidates in bands: {'1.0-3.0'}
18:52:10 [INFO] OddsBandFilter excluded 1 candidates in bands: {'1.0-3.0'}
18:52:16 [INFO] OddsBandFilter excluded 1 candidates in bands: {'1.0-3.0'}
18:52:17 [INFO] OddsBandFilter excluded 1 candidates in bands: {'1.0-3.0'}
18:52:19 [INFO] OddsBandFilter excluded 1 candidates in bands: {'1.0-3.0'}
18:52:26 [INFO] OddsBandFilter excluded 1 candidates in bands: {'1.0-3.0'}
18:52:32 [INFO] OddsBandFilter excluded 1 candidates in bands: {'1.0-3.0'}
18:52:34 [INFO] OddsBandFilter excluded 1 candidates in bands: {'1.0-3.0'}
18:52:35 [INFO] OddsBandFilter excluded 1 candidates in bands: {'1.0-3.0'}
18:52:36 [INFO] OddsBandFilter excluded 1 candidates in bands: {'1.0-3.0'}
18:52:37 [INFO] OddsBandFilter excluded 1 candidates in bands: {'1.0-3.0'}
18:52:40 [INFO] OddsBandFilter excluded 1 candidates in bands: {'1.0-3.0'}
18:52:43 [INFO] OddsBandFilter excluded 1 candidates in bands: {'1.0-3.0'}
18:52:45 [INFO] OddsBandFilter excluded 1 candidates in bands: {'1.0-3.0'}
18:52:59 [INFO] OddsBandFilter excluded 1 candidates in bands: {'1.0-3.0'}
18:53:04 [INFO] OddsBandFilter excluded 1 candidates in bands: {'1.0-3.0'}
18:53:05 [INFO] OddsBandFilter excluded 1 candidates in bands: {'1.0-3.0'}
18:53:05 [INFO] OddsBandFilter excluded 1 candidates in bands: {'1.0-3.0'}
18:53:06 [INFO] OddsBandFilter excluded 1 candidates in bands: {'1.0-3.0'}
18:53:07 [INFO] OddsBandFilter excluded 1 candidates in bands: {'1.0-3.0'}
18:53:07 [INFO] OddsBandFilter excluded 1 candidates in bands: {'1.0-3.0'}
18:53:09 [INFO] OddsBandFilter excluded 1 candidates in bands: {'1.0-3.0'}
18:53:11 [INFO] OddsBandFilter excluded 1 candidates in bands: {'1.0-3.0'}
18:53:18 [INFO] OddsBandFilter excluded 1 candidates in bands: {'1.0-3.0'}
18:53:19 [INFO] OddsBandFilter excluded 1 candidates in bands: {'1.0-3.0'}
18:53:22 [INFO] OddsBandFilter excluded 1 candidates in bands: {'1.0-3.0'}
18:53:26 [INFO] OddsBandFilter excluded 1 candidates in bands: {'1.0-3.0'}
18:53:31 [INFO] OddsBandFilter excluded 1 candidates in bands: {'1.0-3.0'}
18:53:35 [INFO] OddsBandFilter excluded 1 candidates in bands: {'1.0-3.0'}
18:53:37 [INFO] OddsBandFilter excluded 1 candidates in bands: {'1.0-3.0'}
18:53:39 [INFO] OddsBandFilter excluded 1 candidates in bands: {'1.0-3.0'}
18:53:39 [INFO] OddsBandFilter excluded 1 candidates in bands: {'1.0-3.0'}
18:53:42 [INFO] OddsBandFilter excluded 1 candidates in bands: {'1.0-3.0'}
18:53:42 [INFO] OddsBandFilter excluded 1 candidates in bands: {'1.0-3.0'}
18:53:43 [INFO] OddsBandFilter excluded 1 candidates in bands: {'1.0-3.0'}
18:53:44 [INFO] OddsBandFilter excluded 1 candidates in bands: {'1.0-3.0'}
18:53:44 [INFO] OddsBandFilter excluded 1 candidates in bands: {'1.0-3.0'}
18:53:45 [INFO] OddsBandFilter excluded 1 candidates in bands: {'1.0-3.0'}
18:53:46 [INFO] OddsBandFilter excluded 1 candidates in bands: {'1.0-3.0'}
18:53:47 [INFO] OddsBandFilter excluded 1 candidates in bands: {'1.0-3.0'}
18:53:48 [INFO] OddsBandFilter excluded 1 candidates in bands: {'1.0-3.0'}
18:53:49 [INFO] OddsBandFilter excluded 1 candidates in bands: {'1.0-3.0'}
18:53:49 [INFO] OddsBandFilter excluded 1 candidates in bands: {'1.0-3.0'}
18:53:50 [INFO] OddsBandFilter excluded 1 candidates in bands: {'1.0-3.0'}
18:54:04 [INFO] OddsBandFilter excluded 1 candidates in bands: {'1.0-3.0'}
18:54:04 [INFO] OddsBandFilter excluded 1 candidates in bands: {'1.0-3.0'}
18:54:06 [INFO] OddsBandFilter excluded 1 candidates in bands: {'1.0-3.0'}
18:54:13 [INFO] OddsBandFilter excluded 1 candidates in bands: {'1.0-3.0'}
18:54:14 [INFO] OddsBandFilter excluded 1 candidates in bands: {'1.0-3.0'}
18:54:16 [INFO] OddsBandFilter excluded 1 candidates in bands: {'1.0-3.0'}
18:54:17 [INFO] OddsBandFilter excluded 1 candidates in bands: {'1.0-3.0'}
18:54:22 [INFO] OddsBandFilter excluded 1 candidates in bands: {'1.0-3.0'}
18:54:23 [INFO] OddsBandFilter excluded 1 candidates in bands: {'1.0-3.0'}
18:54:27 [INFO] OddsBandFilter excluded 1 candidates in bands: {'1.0-3.0'}
18:54:28 [INFO] OddsBandFilter excluded 1 candidates in bands: {'1.0-3.0'}
18:54:30 [INFO] OddsBandFilter excluded 1 candidates in bands: {'1.0-3.0'}
18:54:34 [INFO] OddsBandFilter excluded 1 candidates in bands: {'1.0-3.0'}
18:54:35 [INFO] OddsBandFilter excluded 1 candidates in bands: {'1.0-3.0'}
18:54:37 [INFO] OddsBandFilter excluded 1 candidates in bands: {'1.0-3.0'}
18:54:42 [INFO] OddsBandFilter excluded 1 candidates in bands: {'1.0-3.0'}
18:54:43 [INFO] OddsBandFilter excluded 1 candidates in bands: {'1.0-3.0'}
18:54:44 [INFO] OddsBandFilter excluded 1 candidates in bands: {'1.0-3.0'}
18:54:46 [INFO] OddsBandFilter excluded 1 candidates in bands: {'1.0-3.0'}
18:54:47 [INFO] OddsBandFilter excluded 1 candidates in bands: {'1.0-3.0'}
18:54:47 [INFO] OddsBandFilter excluded 1 candidates in bands: {'1.0-3.0'}
18:54:49 [INFO] OddsBandFilter excluded 1 candidates in bands: {'1.0-3.0'}
18:54:51 [INFO] OddsBandFilter excluded 1 candidates in bands: {'1.0-3.0'}
18:54:51 [INFO] OddsBandFilter excluded 1 candidates in bands: {'1.0-3.0'}
18:54:52 [INFO] OddsBandFilter excluded 1 candidates in bands: {'1.0-3.0'}
18:54:53 [INFO] OddsBandFilter excluded 1 candidates in bands: {'1.0-3.0'}
18:54:58 [INFO] OddsBandFilter excluded 1 candidates in bands: {'1.0-3.0'}
18:54:58 [INFO] OddsBandFilter excluded 1 candidates in bands: {'1.0-3.0'}
18:54:58 [INFO] OddsBandFilter excluded 1 candidates in bands: {'1.0-3.0'}
18:55:00 [INFO] OddsBandFilter excluded 1 candidates in bands: {'1.0-3.0'}
18:55:11 [INFO] OddsBandFilter excluded 1 candidates in bands: {'1.0-3.0'}
18:55:13 [INFO] OddsBandFilter excluded 1 candidates in bands: {'1.0-3.0'}
18:55:18 [INFO] OddsBandFilter excluded 1 candidates in bands: {'1.0-3.0'}
18:55:19 [INFO] OddsBandFilter excluded 1 candidates in bands: {'1.0-3.0'}
18:55:20 [INFO] OddsBandFilter excluded 1 candidates in bands: {'1.0-3.0'}
18:55:21 [INFO] OddsBandFilter excluded 1 candidates in bands: {'1.0-3.0'}
18:55:22 [INFO] OddsBandFilter excluded 1 candidates in bands: {'1.0-3.0'}
18:55:24 [INFO] OddsBandFilter excluded 1 candidates in bands: {'1.0-3.0'}
18:55:24 [INFO] OddsBandFilter excluded 1 candidates in bands: {'1.0-3.0'}
18:55:26 [INFO] OddsBandFilter excluded 1 candidates in bands: {'1.0-3.0'}
18:55:26 [INFO] OddsBandFilter excluded 1 candidates in bands: {'1.0-3.0'}
18:55:27 [INFO] OddsBandFilter excluded 1 candidates in bands: {'1.0-3.0'}
18:55:29 [INFO] OddsBandFilter excluded 1 candidates in bands: {'1.0-3.0'}
18:55:29 [INFO] OddsBandFilter excluded 1 candidates in bands: {'1.0-3.0'}
18:55:31 [INFO] OddsBandFilter excluded 1 candidates in bands: {'1.0-3.0'}
18:55:35 [INFO] OddsBandFilter excluded 1 candidates in bands: {'1.0-3.0'}
18:55:35 [INFO] OddsBandFilter excluded 1 candidates in bands: {'1.0-3.0'}
18:55:36 [INFO] OddsBandFilter excluded 1 candidates in bands: {'1.0-3.0'}
18:55:37 [INFO] OddsBandFilter excluded 1 candidates in bands: {'1.0-3.0'}
18:55:39 [INFO] OddsBandFilter excluded 1 candidates in bands: {'1.0-3.0'}
18:55:40 [INFO] OddsBandFilter excluded 1 candidates in bands: {'1.0-3.0'}
18:55:43 [INFO] OddsBandFilter excluded 1 candidates in bands: {'1.0-3.0'}
18:55:44 [INFO] OddsBandFilter excluded 1 candidates in bands: {'1.0-3.0'}
18:55:46 [INFO] OddsBandFilter excluded 1 candidates in bands: {'1.0-3.0'}
18:55:51 [INFO] OddsBandFilter excluded 1 candidates in bands: {'1.0-3.0'}
18:55:51 [INFO] OddsBandFilter excluded 1 candidates in bands: {'1.0-3.0'}
18:55:52 [INFO] OddsBandFilter excluded 1 candidates in bands: {'1.0-3.0'}
18:55:54 [INFO] OddsBandFilter excluded 1 candidates in bands: {'1.0-3.0'}
18:55:56 [INFO] OddsBandFilter excluded 1 candidates in bands: {'1.0-3.0'}
18:55:56 [INFO] OddsBandFilter excluded 1 candidates in bands: {'1.0-3.0'}
18:55:58 [INFO] OddsBandFilter excluded 1 candidates in bands: {'1.0-3.0'}
18:55:59 [INFO] OddsBandFilter excluded 1 candidates in bands: {'1.0-3.0'}
18:56:00 [INFO] OddsBandFilter excluded 1 candidates in bands: {'1.0-3.0'}
18:56:00 [INFO] OddsBandFilter excluded 1 candidates in bands: {'1.0-3.0'}
18:56:01 [INFO] OddsBandFilter excluded 1 candidates in bands: {'1.0-3.0'}
18:56:02 [INFO] OddsBandFilter excluded 1 candidates in bands: {'1.0-3.0'}
18:56:02 [INFO] OddsBandFilter excluded 1 candidates in bands: {'1.0-3.0'}
18:56:03 [INFO] OddsBandFilter excluded 1 candidates in bands: {'1.0-3.0'}
18:56:05 [INFO] OddsBandFilter excluded 1 candidates in bands: {'1.0-3.0'}
18:56:07 [INFO] OddsBandFilter excluded 1 candidates in bands: {'1.0-3.0'}
18:56:12 [INFO] OddsBandFilter excluded 1 candidates in bands: {'1.0-3.0'}
18:56:16 [INFO] OddsBandFilter excluded 1 candidates in bands: {'1.0-3.0'}
18:56:16 [INFO] OddsBandFilter excluded 1 candidates in bands: {'1.0-3.0'}
18:56:18 [INFO] OddsBandFilter excluded 1 candidates in bands: {'1.0-3.0'}
18:56:19 [INFO] OddsBandFilter excluded 1 candidates in bands: {'1.0-3.0'}
18:56:21 [INFO] OddsBandFilter excluded 1 candidates in bands: {'1.0-3.0'}
18:56:22 [INFO] OddsBandFilter excluded 1 candidates in bands: {'1.0-3.0'}
18:56:24 [INFO] OddsBandFilter excluded 1 candidates in bands: {'1.0-3.0'}
18:56:25 [INFO] OddsBandFilter excluded 1 candidates in bands: {'1.0-3.0'}
18:56:27 [INFO] OddsBandFilter excluded 1 candidates in bands: {'1.0-3.0'}
18:56:27 [INFO] OddsBandFilter excluded 1 candidates in bands: {'1.0-3.0'}
18:56:31 [INFO] OddsBandFilter excluded 1 candidates in bands: {'1.0-3.0'}
18:56:34 [INFO] OddsBandFilter excluded 1 candidates in bands: {'1.0-3.0'}
18:56:37 [INFO] OddsBandFilter excluded 1 candidates in bands: {'1.0-3.0'}
18:56:39 [INFO] OddsBandFilter excluded 1 candidates in bands: {'1.0-3.0'}
18:56:39 [INFO] OddsBandFilter excluded 1 candidates in bands: {'1.0-3.0'}
18:56:46 [INFO] OddsBandFilter excluded 1 candidates in bands: {'1.0-3.0'}
18:56:49 [INFO] OddsBandFilter excluded 1 candidates in bands: {'1.0-3.0'}
18:56:51 [INFO] OddsBandFilter excluded 1 candidates in bands: {'1.0-3.0'}
18:56:53 [INFO] OddsBandFilter excluded 1 candidates in bands: {'1.0-3.0'}
18:56:55 [INFO] OddsBandFilter excluded 1 candidates in bands: {'1.0-3.0'}
18:56:56 [INFO] OddsBandFilter excluded 1 candidates in bands: {'1.0-3.0'}
18:56:58 [INFO] OddsBandFilter excluded 1 candidates in bands: {'1.0-3.0'}
18:56:59 [INFO] OddsBandFilter excluded 1 candidates in bands: {'1.0-3.0'}
18:56:59 [INFO] OddsBandFilter excluded 1 candidates in bands: {'1.0-3.0'}
18:57:00 [INFO] OddsBandFilter excluded 1 candidates in bands: {'1.0-3.0'}
18:57:01 [INFO] OddsBandFilter excluded 1 candidates in bands: {'1.0-3.0'}
18:57:02 [INFO] OddsBandFilter excluded 1 candidates in bands: {'1.0-3.0'}
18:57:03 [INFO] OddsBandFilter excluded 1 candidates in bands: {'1.0-3.0'}
18:57:06 [INFO] OddsBandFilter excluded 1 candidates in bands: {'1.0-3.0'}
18:57:09 [INFO] OddsBandFilter excluded 1 candidates in bands: {'1.0-3.0'}
18:57:10 [INFO] OddsBandFilter excluded 1 candidates in bands: {'1.0-3.0'}
18:57:11 [INFO] OddsBandFilter excluded 1 candidates in bands: {'1.0-3.0'}
18:57:13 [INFO] OddsBandFilter excluded 1 candidates in bands: {'1.0-3.0'}
18:57:17 [INFO] OddsBandFilter excluded 1 candidates in bands: {'1.0-3.0'}
18:57:18 [INFO] OddsBandFilter excluded 1 candidates in bands: {'1.0-3.0'}
18:57:19 [INFO] OddsBandFilter excluded 1 candidates in bands: {'1.0-3.0'}
18:57:21 [INFO] OddsBandFilter excluded 1 candidates in bands: {'1.0-3.0'}
18:57:24 [INFO] OddsBandFilter excluded 1 candidates in bands: {'1.0-3.0'}
18:57:27 [INFO] OddsBandFilter excluded 1 candidates in bands: {'1.0-3.0'}
18:57:28 [INFO] OddsBandFilter excluded 1 candidates in bands: {'1.0-3.0'}
18:57:28 [INFO] OddsBandFilter excluded 1 candidates in bands: {'1.0-3.0'}
18:57:29 [INFO] OddsBandFilter excluded 1 candidates in bands: {'1.0-3.0'}
18:57:30 [INFO] OddsBandFilter excluded 1 candidates in bands: {'1.0-3.0'}
18:57:32 [INFO] OddsBandFilter excluded 1 candidates in bands: {'1.0-3.0'}
18:57:33 [INFO] OddsBandFilter excluded 1 candidates in bands: {'1.0-3.0'}
18:57:34 [INFO] OddsBandFilter excluded 1 candidates in bands: {'1.0-3.0'}
18:57:38 [INFO] OddsBandFilter excluded 1 candidates in bands: {'1.0-3.0'}
18:57:42 [INFO] OddsBandFilter excluded 1 candidates in bands: {'1.0-3.0'}
18:57:42 [INFO] OddsBandFilter excluded 1 candidates in bands: {'1.0-3.0'}
18:57:46 [INFO] OddsBandFilter excluded 1 candidates in bands: {'1.0-3.0'}
18:57:46 [INFO] OddsBandFilter excluded 1 candidates in bands: {'1.0-3.0'}
18:57:47 [INFO] OddsBandFilter excluded 1 candidates in bands: {'1.0-3.0'}
18:57:56 [INFO] OddsBandFilter excluded 1 candidates in bands: {'1.0-3.0'}
18:57:57 [INFO] OddsBandFilter excluded 1 candidates in bands: {'1.0-3.0'}
18:58:00 [INFO] OddsBandFilter excluded 1 candidates in bands: {'1.0-3.0'}
18:58:00 [INFO] OddsBandFilter excluded 1 candidates in bands: {'1.0-3.0'}
18:58:02 [INFO] OddsBandFilter excluded 1 candidates in bands: {'1.0-3.0'}
18:58:03 [INFO] OddsBandFilter excluded 1 candidates in bands: {'1.0-3.0'}
18:58:04 [INFO] OddsBandFilter excluded 1 candidates in bands: {'1.0-3.0'}
18:58:04 [INFO] OddsBandFilter excluded 1 candidates in bands: {'1.0-3.0'}
18:58:05 [INFO] OddsBandFilter excluded 1 candidates in bands: {'1.0-3.0'}
18:58:05 [INFO] OddsBandFilter excluded 1 candidates in bands: {'1.0-3.0'}
18:58:09 [INFO] OddsBandFilter excluded 1 candidates in bands: {'1.0-3.0'}
18:58:11 [INFO] OddsBandFilter excluded 1 candidates in bands: {'1.0-3.0'}
18:58:13 [INFO] OddsBandFilter excluded 1 candidates in bands: {'1.0-3.0'}
18:58:13 [INFO] OddsBandFilter excluded 1 candidates in bands: {'1.0-3.0'}
18:58:16 [INFO] OddsBandFilter excluded 1 candidates in bands: {'1.0-3.0'}
18:58:16 [INFO] OddsBandFilter excluded 1 candidates in bands: {'1.0-3.0'}
18:58:19 [INFO] OddsBandFilter excluded 1 candidates in bands: {'1.0-3.0'}
18:58:22 [INFO] OddsBandFilter excluded 1 candidates in bands: {'1.0-3.0'}
18:58:28 [INFO] OddsBandFilter excluded 1 candidates in bands: {'1.0-3.0'}
18:58:28 [INFO] OddsBandFilter excluded 1 candidates in bands: {'1.0-3.0'}
18:58:30 [INFO] OddsBandFilter excluded 1 candidates in bands: {'1.0-3.0'}
18:58:32 [INFO] OddsBandFilter excluded 1 candidates in bands: {'1.0-3.0'}
18:58:33 [INFO] OddsBandFilter excluded 1 candidates in bands: {'1.0-3.0'}
18:58:35 [INFO] OddsBandFilter excluded 1 candidates in bands: {'1.0-3.0'}
18:58:35 [INFO] OddsBandFilter excluded 1 candidates in bands: {'1.0-3.0'}
18:58:37 [INFO] OddsBandFilter excluded 1 candidates in bands: {'1.0-3.0'}
18:58:39 [INFO] OddsBandFilter excluded 1 candidates in bands: {'1.0-3.0'}
18:58:41 [INFO] OddsBandFilter excluded 1 candidates in bands: {'1.0-3.0'}
18:58:41 [INFO] OddsBandFilter excluded 1 candidates in bands: {'1.0-3.0'}
18:58:44 [INFO] OddsBandFilter excluded 1 candidates in bands: {'1.0-3.0'}
18:58:44 [INFO] OddsBandFilter excluded 1 candidates in bands: {'1.0-3.0'}
18:58:46 [INFO] OddsBandFilter excluded 1 candidates in bands: {'1.0-3.0'}
18:58:49 [INFO] OddsBandFilter excluded 1 candidates in bands: {'1.0-3.0'}
18:58:50 [INFO] OddsBandFilter excluded 1 candidates in bands: {'1.0-3.0'}
18:58:50 [INFO] OddsBandFilter excluded 1 candidates in bands: {'1.0-3.0'}
18:58:51 [INFO] OddsBandFilter excluded 1 candidates in bands: {'1.0-3.0'}
18:58:52 [INFO] OddsBandFilter excluded 1 candidates in bands: {'1.0-3.0'}
18:58:54 [INFO] OddsBandFilter excluded 1 candidates in bands: {'1.0-3.0'}
18:59:00 [INFO] OddsBandFilter excluded 1 candidates in bands: {'1.0-3.0'}
18:59:01 [INFO] OddsBandFilter excluded 1 candidates in bands: {'1.0-3.0'}
18:59:02 [INFO] OddsBandFilter excluded 1 candidates in bands: {'1.0-3.0'}
18:59:05 [INFO] OddsBandFilter excluded 1 candidates in bands: {'1.0-3.0'}
18:59:06 [INFO] OddsBandFilter excluded 1 candidates in bands: {'1.0-3.0'}
18:59:08 [INFO] OddsBandFilter excluded 1 candidates in bands: {'1.0-3.0'}
18:59:10 [INFO] OddsBandFilter excluded 1 candidates in bands: {'1.0-3.0'}
18:59:18 [INFO] OddsBandFilter excluded 1 candidates in bands: {'1.0-3.0'}
18:59:20 [INFO] OddsBandFilter excluded 1 candidates in bands: {'1.0-3.0'}
18:59:22 [INFO] OddsBandFilter excluded 1 candidates in bands: {'1.0-3.0'}
18:59:23 [INFO] OddsBandFilter excluded 1 candidates in bands: {'1.0-3.0'}
18:59:27 [INFO] OddsBandFilter excluded 1 candidates in bands: {'1.0-3.0'}
18:59:28 [INFO] OddsBandFilter excluded 1 candidates in bands: {'1.0-3.0'}
18:59:29 [INFO] OddsBandFilter excluded 1 candidates in bands: {'1.0-3.0'}
18:59:31 [INFO] OddsBandFilter excluded 1 candidates in bands: {'1.0-3.0'}
18:59:33 [INFO] OddsBandFilter excluded 1 candidates in bands: {'1.0-3.0'}
18:59:35 [INFO] OddsBandFilter excluded 1 candidates in bands: {'1.0-3.0'}
18:59:37 [INFO] OddsBandFilter excluded 1 candidates in bands: {'1.0-3.0'}
18:59:37 [INFO] OddsBandFilter excluded 1 candidates in bands: {'1.0-3.0'}
18:59:38 [INFO] OddsBandFilter excluded 1 candidates in bands: {'1.0-3.0'}
18:59:40 [INFO] OddsBandFilter excluded 1 candidates in bands: {'1.0-3.0'}
18:59:40 [INFO] OddsBandFilter excluded 1 candidates in bands: {'1.0-3.0'}
18:59:41 [INFO] OddsBandFilter excluded 1 candidates in bands: {'1.0-3.0'}
18:59:42 [INFO] OddsBandFilter excluded 1 candidates in bands: {'1.0-3.0'}
18:59:45 [INFO] OddsBandFilter excluded 1 candidates in bands: {'1.0-3.0'}
18:59:46 [INFO] OddsBandFilter excluded 1 candidates in bands: {'1.0-3.0'}
18:59:48 [INFO] OddsBandFilter excluded 1 candidates in bands: {'1.0-3.0'}
18:59:49 [INFO] OddsBandFilter excluded 1 candidates in bands: {'1.0-3.0'}
18:59:52 [INFO] OddsBandFilter excluded 1 candidates in bands: {'1.0-3.0'}
18:59:53 [INFO] OddsBandFilter excluded 1 candidates in bands: {'1.0-3.0'}
18:59:53 [INFO] OddsBandFilter excluded 1 candidates in bands: {'1.0-3.0'}
18:59:54 [INFO] OddsBandFilter excluded 1 candidates in bands: {'1.0-3.0'}
18:59:59 [INFO] OddsBandFilter excluded 1 candidates in bands: {'1.0-3.0'}
19:00:00 [INFO] OddsBandFilter excluded 1 candidates in bands: {'1.0-3.0'}
19:00:00 [INFO] OddsBandFilter excluded 1 candidates in bands: {'1.0-3.0'}
19:00:01 [INFO] OddsBandFilter excluded 1 candidates in bands: {'1.0-3.0'}
19:00:04 [INFO] OddsBandFilter excluded 1 candidates in bands: {'1.0-3.0'}
19:00:05 [INFO] OddsBandFilter excluded 1 candidates in bands: {'1.0-3.0'}
19:00:06 [INFO] OddsBandFilter excluded 1 candidates in bands: {'1.0-3.0'}
19:00:07 [INFO] OddsBandFilter excluded 1 candidates in bands: {'1.0-3.0'}
19:00:15 [INFO] OddsBandFilter excluded 1 candidates in bands: {'1.0-3.0'}
19:00:17 [INFO] OddsBandFilter excluded 1 candidates in bands: {'1.0-3.0'}
19:00:18 [INFO] OddsBandFilter excluded 1 candidates in bands: {'1.0-3.0'}
19:00:18 [INFO] OddsBandFilter excluded 1 candidates in bands: {'1.0-3.0'}
19:00:21 [INFO] OddsBandFilter excluded 1 candidates in bands: {'1.0-3.0'}
19:00:23 [INFO] OddsBandFilter excluded 1 candidates in bands: {'1.0-3.0'}
19:00:24 [INFO] OddsBandFilter excluded 1 candidates in bands: {'1.0-3.0'}
19:00:26 [INFO] OddsBandFilter excluded 1 candidates in bands: {'1.0-3.0'}
19:00:28 [INFO] OddsBandFilter excluded 1 candidates in bands: {'1.0-3.0'}
19:00:30 [INFO] OddsBandFilter excluded 1 candidates in bands: {'1.0-3.0'}
19:00:30 [INFO] OddsBandFilter excluded 1 candidates in bands: {'1.0-3.0'}
19:00:31 [INFO] OddsBandFilter excluded 1 candidates in bands: {'1.0-3.0'}
19:00:33 [INFO] OddsBandFilter excluded 1 candidates in bands: {'1.0-3.0'}
19:00:34 [INFO] OddsBandFilter excluded 1 candidates in bands: {'1.0-3.0'}
19:00:34 [INFO] OddsBandFilter excluded 1 candidates in bands: {'1.0-3.0'}
19:00:35 [INFO] OddsBandFilter excluded 1 candidates in bands: {'1.0-3.0'}
19:00:36 [INFO] OddsBandFilter excluded 1 candidates in bands: {'1.0-3.0'}
19:00:39 [INFO] OddsBandFilter excluded 1 candidates in bands: {'1.0-3.0'}
19:00:39 [INFO] OddsBandFilter excluded 1 candidates in bands: {'1.0-3.0'}
19:00:42 [INFO] OddsBandFilter excluded 1 candidates in bands: {'1.0-3.0'}
19:00:45 [INFO] OddsBandFilter excluded 1 candidates in bands: {'1.0-3.0'}
19:00:45 [INFO] OddsBandFilter excluded 1 candidates in bands: {'1.0-3.0'}
19:00:50 [INFO] OddsBandFilter excluded 1 candidates in bands: {'1.0-3.0'}
19:00:51 [INFO] OddsBandFilter excluded 1 candidates in bands: {'1.0-3.0'}
19:00:54 [INFO] OddsBandFilter excluded 1 candidates in bands: {'1.0-3.0'}
19:00:56 [INFO] OddsBandFilter excluded 1 candidates in bands: {'1.0-3.0'}
19:00:58 [INFO] OddsBandFilter excluded 1 candidates in bands: {'1.0-3.0'}
19:01:01 [INFO] OddsBandFilter excluded 1 candidates in bands: {'1.0-3.0'}
19:01:05 [INFO] OddsBandFilter excluded 1 candidates in bands: {'1.0-3.0'}
19:01:06 [INFO] OddsBandFilter excluded 1 candidates in bands: {'1.0-3.0'}
19:01:06 [INFO] OddsBandFilter excluded 1 candidates in bands: {'1.0-3.0'}
19:01:12 [INFO] OddsBandFilter excluded 1 candidates in bands: {'1.0-3.0'}
19:01:13 [INFO] OddsBandFilter excluded 1 candidates in bands: {'1.0-3.0'}
19:01:14 [INFO] OddsBandFilter excluded 1 candidates in bands: {'1.0-3.0'}
19:01:15 [INFO] OddsBandFilter excluded 1 candidates in bands: {'1.0-3.0'}
19:01:19 [INFO] OddsBandFilter excluded 1 candidates in bands: {'1.0-3.0'}
19:01:23 [INFO] OddsBandFilter excluded 1 candidates in bands: {'1.0-3.0'}
19:01:26 [INFO] OddsBandFilter excluded 1 candidates in bands: {'1.0-3.0'}
19:01:31 [INFO] OddsBandFilter excluded 1 candidates in bands: {'1.0-3.0'}
19:01:37 [INFO] OddsBandFilter excluded 1 candidates in bands: {'1.0-3.0'}
19:01:38 [INFO] OddsBandFilter excluded 1 candidates in bands: {'1.0-3.0'}
19:01:45 [INFO] OddsBandFilter excluded 1 candidates in bands: {'1.0-3.0'}
19:01:45 [INFO] OddsBandFilter excluded 1 candidates in bands: {'1.0-3.0'}
19:01:49 [INFO] OddsBandFilter excluded 1 candidates in bands: {'1.0-3.0'}
19:01:52 [INFO] OddsBandFilter excluded 1 candidates in bands: {'1.0-3.0'}
19:01:53 [INFO] OddsBandFilter excluded 1 candidates in bands: {'1.0-3.0'}
19:01:56 [INFO] OddsBandFilter excluded 1 candidates in bands: {'1.0-3.0'}
19:01:58 [INFO] OddsBandFilter excluded 1 candidates in bands: {'1.0-3.0'}
19:01:59 [INFO] OddsBandFilter excluded 1 candidates in bands: {'1.0-3.0'}
19:02:03 [INFO] OddsBandFilter excluded 1 candidates in bands: {'1.0-3.0'}
19:02:03 [INFO] OddsBandFilter excluded 1 candidates in bands: {'1.0-3.0'}
19:02:05 [INFO] OddsBandFilter excluded 1 candidates in bands: {'1.0-3.0'}
19:02:07 [INFO] OddsBandFilter excluded 1 candidates in bands: {'1.0-3.0'}
19:02:13 [INFO] OddsBandFilter excluded 1 candidates in bands: {'1.0-3.0'}
19:02:19 [INFO] OddsBandFilter excluded 1 candidates in bands: {'1.0-3.0'}
19:02:20 [INFO] OddsBandFilter excluded 1 candidates in bands: {'1.0-3.0'}
19:02:28 [INFO] OddsBandFilter excluded 1 candidates in bands: {'1.0-3.0'}
19:02:30 [INFO] OddsBandFilter excluded 1 candidates in bands: {'1.0-3.0'}
19:02:33 [INFO] OddsBandFilter excluded 1 candidates in bands: {'1.0-3.0'}
19:02:40 [INFO] OddsBandFilter excluded 1 candidates in bands: {'1.0-3.0'}
19:02:41 [INFO] OddsBandFilter excluded 1 candidates in bands: {'1.0-3.0'}
19:02:52 [INFO] OddsBandFilter excluded 1 candidates in bands: {'1.0-3.0'}
19:02:52 [INFO] OddsBandFilter excluded 1 candidates in bands: {'1.0-3.0'}
19:02:55 [INFO] OddsBandFilter excluded 1 candidates in bands: {'1.0-3.0'}
19:02:56 [INFO] OddsBandFilter excluded 1 candidates in bands: {'1.0-3.0'}
19:02:57 [INFO] OddsBandFilter excluded 1 candidates in bands: {'1.0-3.0'}
19:02:58 [INFO] OddsBandFilter excluded 1 candidates in bands: {'1.0-3.0'}
19:03:03 [INFO] OddsBandFilter excluded 1 candidates in bands: {'1.0-3.0'}
19:03:05 [INFO] OddsBandFilter excluded 1 candidates in bands: {'1.0-3.0'}
19:03:07 [INFO] OddsBandFilter excluded 1 candidates in bands: {'1.0-3.0'}
19:03:11 [INFO] OddsBandFilter excluded 1 candidates in bands: {'1.0-3.0'}
19:03:13 [INFO] OddsBandFilter excluded 1 candidates in bands: {'1.0-3.0'}
19:03:13 [INFO] OddsBandFilter excluded 1 candidates in bands: {'1.0-3.0'}
19:03:14 [INFO] OddsBandFilter excluded 1 candidates in bands: {'1.0-3.0'}
19:03:15 [INFO] OddsBandFilter excluded 1 candidates in bands: {'1.0-3.0'}
19:03:16 [INFO] OddsBandFilter excluded 1 candidates in bands: {'1.0-3.0'}
19:03:17 [INFO] OddsBandFilter excluded 1 candidates in bands: {'1.0-3.0'}
19:03:19 [INFO] OddsBandFilter excluded 1 candidates in bands: {'1.0-3.0'}
19:03:22 [INFO] OddsBandFilter excluded 1 candidates in bands: {'1.0-3.0'}
19:03:24 [INFO] OddsBandFilter excluded 1 candidates in bands: {'1.0-3.0'}
19:03:25 [INFO] OddsBandFilter excluded 1 candidates in bands: {'1.0-3.0'}
19:03:29 [INFO] OddsBandFilter excluded 1 candidates in bands: {'1.0-3.0'}
19:03:30 [INFO] OddsBandFilter excluded 1 candidates in bands: {'1.0-3.0'}
19:03:30 [INFO] OddsBandFilter excluded 1 candidates in bands: {'1.0-3.0'}
19:03:33 [INFO] OddsBandFilter excluded 1 candidates in bands: {'1.0-3.0'}
19:03:35 [INFO] OddsBandFilter excluded 1 candidates in bands: {'1.0-3.0'}
19:03:36 [INFO] OddsBandFilter excluded 1 candidates in bands: {'1.0-3.0'}
19:03:38 [INFO] OddsBandFilter excluded 1 candidates in bands: {'1.0-3.0'}
19:03:41 [INFO] OddsBandFilter excluded 1 candidates in bands: {'1.0-3.0'}
19:03:41 [INFO] OddsBandFilter excluded 1 candidates in bands: {'1.0-3.0'}
19:03:43 [INFO] OddsBandFilter excluded 1 candidates in bands: {'1.0-3.0'}
19:03:43 [INFO] OddsBandFilter excluded 1 candidates in bands: {'1.0-3.0'}
19:03:44 [INFO] OddsBandFilter excluded 1 candidates in bands: {'1.0-3.0'}
19:03:47 [INFO] OddsBandFilter excluded 1 candidates in bands: {'1.0-3.0'}
19:03:50 [INFO] OddsBandFilter excluded 1 candidates in bands: {'1.0-3.0'}
19:03:50 [INFO] OddsBandFilter excluded 1 candidates in bands: {'1.0-3.0'}
19:03:51 [INFO] OddsBandFilter excluded 1 candidates in bands: {'1.0-3.0'}
19:03:57 [INFO] OddsBandFilter excluded 1 candidates in bands: {'1.0-3.0'}
19:04:00 [INFO] OddsBandFilter excluded 1 candidates in bands: {'1.0-3.0'}
19:04:02 [INFO] OddsBandFilter excluded 1 candidates in bands: {'1.0-3.0'}
19:04:07 [INFO] OddsBandFilter excluded 1 candidates in bands: {'1.0-3.0'}
19:04:07 [INFO] OddsBandFilter excluded 1 candidates in bands: {'1.0-3.0'}
19:04:10 [INFO] OddsBandFilter excluded 1 candidates in bands: {'1.0-3.0'}
19:04:11 [INFO] OddsBandFilter excluded 1 candidates in bands: {'1.0-3.0'}
19:04:13 [INFO] OddsBandFilter excluded 1 candidates in bands: {'1.0-3.0'}
19:04:14 [INFO] OddsBandFilter excluded 1 candidates in bands: {'1.0-3.0'}
19:04:17 [INFO] OddsBandFilter excluded 1 candidates in bands: {'1.0-3.0'}
19:04:18 [INFO] OddsBandFilter excluded 1 candidates in bands: {'1.0-3.0'}
19:04:20 [INFO] OddsBandFilter excluded 1 candidates in bands: {'1.0-3.0'}
19:04:20 [INFO] OddsBandFilter excluded 1 candidates in bands: {'1.0-3.0'}
19:04:24 [INFO] OddsBandFilter excluded 1 candidates in bands: {'1.0-3.0'}
19:04:27 [INFO] OddsBandFilter excluded 1 candidates in bands: {'1.0-3.0'}
19:04:28 [INFO] OddsBandFilter excluded 1 candidates in bands: {'1.0-3.0'}
19:04:28 [INFO] OddsBandFilter excluded 1 candidates in bands: {'1.0-3.0'}
19:04:29 [INFO] OddsBandFilter excluded 1 candidates in bands: {'1.0-3.0'}
19:04:29 [INFO] OddsBandFilter excluded 1 candidates in bands: {'1.0-3.0'}
19:04:30 [INFO] OddsBandFilter excluded 1 candidates in bands: {'1.0-3.0'}
19:04:33 [INFO] OddsBandFilter excluded 1 candidates in bands: {'1.0-3.0'}
19:04:34 [INFO] OddsBandFilter excluded 1 candidates in bands: {'1.0-3.0'}
19:04:38 [INFO] OddsBandFilter excluded 1 candidates in bands: {'1.0-3.0'}
19:04:40 [INFO] OddsBandFilter excluded 1 candidates in bands: {'1.0-3.0'}
19:04:43 [INFO] OddsBandFilter excluded 1 candidates in bands: {'1.0-3.0'}
19:04:48 [INFO] OddsBandFilter excluded 1 candidates in bands: {'1.0-3.0'}
19:04:49 [INFO] OddsBandFilter excluded 1 candidates in bands: {'1.0-3.0'}
19:04:50 [INFO] OddsBandFilter excluded 1 candidates in bands: {'1.0-3.0'}
19:04:51 [INFO] OddsBandFilter excluded 1 candidates in bands: {'1.0-3.0'}
19:04:53 [INFO] OddsBandFilter excluded 1 candidates in bands: {'1.0-3.0'}
19:04:56 [INFO] OddsBandFilter excluded 1 candidates in bands: {'1.0-3.0'}
19:04:59 [INFO] OddsBandFilter excluded 1 candidates in bands: {'1.0-3.0'}
19:04:59 [INFO] OddsBandFilter excluded 1 candidates in bands: {'1.0-3.0'}
19:05:00 [INFO] OddsBandFilter excluded 1 candidates in bands: {'1.0-3.0'}
19:05:03 [INFO] OddsBandFilter excluded 1 candidates in bands: {'1.0-3.0'}
19:05:06 [INFO] OddsBandFilter excluded 1 candidates in bands: {'1.0-3.0'}
19:05:08 [INFO] OddsBandFilter excluded 1 candidates in bands: {'1.0-3.0'}
19:05:08 [INFO] OddsBandFilter excluded 1 candidates in bands: {'1.0-3.0'}
19:05:13 [INFO] OddsBandFilter excluded 1 candidates in bands: {'1.0-3.0'}
19:05:14 [INFO] OddsBandFilter excluded 1 candidates in bands: {'1.0-3.0'}
19:05:15 [INFO] OddsBandFilter excluded 1 candidates in bands: {'1.0-3.0'}
19:05:15 [INFO] OddsBandFilter excluded 1 candidates in bands: {'1.0-3.0'}
19:05:19 [INFO] OddsBandFilter excluded 1 candidates in bands: {'1.0-3.0'}
19:05:20 [INFO] OddsBandFilter excluded 1 candidates in bands: {'1.0-3.0'}
19:05:21 [INFO] OddsBandFilter excluded 1 candidates in bands: {'1.0-3.0'}
19:05:25 [INFO] OddsBandFilter excluded 1 candidates in bands: {'1.0-3.0'}
19:05:26 [INFO] OddsBandFilter excluded 1 candidates in bands: {'1.0-3.0'}
19:05:29 [INFO] OddsBandFilter excluded 1 candidates in bands: {'1.0-3.0'}
19:05:31 [INFO] OddsBandFilter excluded 1 candidates in bands: {'1.0-3.0'}
19:05:35 [INFO] OddsBandFilter excluded 1 candidates in bands: {'1.0-3.0'}
19:05:37 [INFO] OddsBandFilter excluded 1 candidates in bands: {'1.0-3.0'}
19:05:38 [INFO] OddsBandFilter excluded 1 candidates in bands: {'1.0-3.0'}
19:05:39 [INFO] OddsBandFilter excluded 1 candidates in bands: {'1.0-3.0'}
19:05:39 [INFO] OddsBandFilter excluded 1 candidates in bands: {'1.0-3.0'}
19:05:41 [INFO] OddsBandFilter excluded 1 candidates in bands: {'1.0-3.0'}
19:05:42 [INFO] OddsBandFilter excluded 1 candidates in bands: {'1.0-3.0'}
19:05:46 [INFO] OddsBandFilter excluded 1 candidates in bands: {'1.0-3.0'}
19:05:47 [INFO] OddsBandFilter excluded 1 candidates in bands: {'1.0-3.0'}
19:05:48 [INFO] OddsBandFilter excluded 1 candidates in bands: {'1.0-3.0'}
19:05:49 [INFO] OddsBandFilter excluded 1 candidates in bands: {'1.0-3.0'}
19:05:49 [INFO] OddsBandFilter excluded 1 candidates in bands: {'1.0-3.0'}
19:05:51 [INFO] OddsBandFilter excluded 1 candidates in bands: {'1.0-3.0'}
19:05:54 [INFO] OddsBandFilter excluded 1 candidates in bands: {'1.0-3.0'}
19:05:54 [INFO] OddsBandFilter excluded 1 candidates in bands: {'1.0-3.0'}
19:05:55 [INFO] OddsBandFilter excluded 1 candidates in bands: {'1.0-3.0'}
19:05:58 [INFO] OddsBandFilter excluded 1 candidates in bands: {'1.0-3.0'}
19:06:02 [INFO] OddsBandFilter excluded 1 candidates in bands: {'1.0-3.0'}
19:06:03 [INFO] OddsBandFilter excluded 1 candidates in bands: {'1.0-3.0'}
19:06:05 [INFO] OddsBandFilter excluded 1 candidates in bands: {'1.0-3.0'}
19:06:07 [INFO] OddsBandFilter excluded 1 candidates in bands: {'1.0-3.0'}
19:06:08 [INFO] OddsBandFilter excluded 1 candidates in bands: {'1.0-3.0'}
19:06:10 [INFO] OddsBandFilter excluded 1 candidates in bands: {'1.0-3.0'}
19:06:11 [INFO] OddsBandFilter excluded 1 candidates in bands: {'1.0-3.0'}
19:06:16 [INFO] OddsBandFilter excluded 1 candidates in bands: {'1.0-3.0'}
19:06:21 [INFO] OddsBandFilter excluded 1 candidates in bands: {'1.0-3.0'}
19:06:25 [INFO] OddsBandFilter excluded 1 candidates in bands: {'1.0-3.0'}
19:06:26 [INFO] OddsBandFilter excluded 1 candidates in bands: {'1.0-3.0'}
19:06:27 [INFO] OddsBandFilter excluded 1 candidates in bands: {'1.0-3.0'}
19:06:28 [INFO] OddsBandFilter excluded 1 candidates in bands: {'1.0-3.0'}
19:06:29 [INFO] OddsBandFilter excluded 1 candidates in bands: {'1.0-3.0'}
19:06:30 [INFO] OddsBandFilter excluded 1 candidates in bands: {'1.0-3.0'}
19:06:31 [INFO] OddsBandFilter excluded 1 candidates in bands: {'1.0-3.0'}
19:06:34 [INFO] OddsBandFilter excluded 1 candidates in bands: {'1.0-3.0'}
19:06:36 [INFO] OddsBandFilter excluded 1 candidates in bands: {'1.0-3.0'}
19:06:38 [INFO] OddsBandFilter excluded 1 candidates in bands: {'1.0-3.0'}
19:06:40 [INFO] OddsBandFilter excluded 1 candidates in bands: {'1.0-3.0'}
19:06:43 [INFO] OddsBandFilter excluded 1 candidates in bands: {'1.0-3.0'}
19:06:44 [INFO] OddsBandFilter excluded 1 candidates in bands: {'1.0-3.0'}
19:06:46 [INFO] OddsBandFilter excluded 1 candidates in bands: {'1.0-3.0'}
19:06:47 [INFO] OddsBandFilter excluded 1 candidates in bands: {'1.0-3.0'}
19:06:52 [INFO] OddsBandFilter excluded 1 candidates in bands: {'1.0-3.0'}
19:06:53 [INFO] OddsBandFilter excluded 1 candidates in bands: {'1.0-3.0'}
19:06:53 [INFO] OddsBandFilter excluded 1 candidates in bands: {'1.0-3.0'}
19:06:53 [INFO] OddsBandFilter excluded 1 candidates in bands: {'1.0-3.0'}
19:06:54 [INFO] OddsBandFilter excluded 1 candidates in bands: {'1.0-3.0'}
19:06:55 [INFO] OddsBandFilter excluded 1 candidates in bands: {'1.0-3.0'}
19:06:57 [INFO] OddsBandFilter excluded 1 candidates in bands: {'1.0-3.0'}
19:06:59 [INFO] OddsBandFilter excluded 1 candidates in bands: {'1.0-3.0'}
19:06:59 [INFO] OddsBandFilter excluded 1 candidates in bands: {'1.0-3.0'}
19:07:00 [INFO] OddsBandFilter excluded 1 candidates in bands: {'1.0-3.0'}
19:07:04 [INFO] OddsBandFilter excluded 1 candidates in bands: {'1.0-3.0'}
19:07:06 [INFO] OddsBandFilter excluded 1 candidates in bands: {'1.0-3.0'}
19:07:09 [INFO] OddsBandFilter excluded 1 candidates in bands: {'1.0-3.0'}
19:07:09 [INFO] OddsBandFilter excluded 1 candidates in bands: {'1.0-3.0'}
19:07:12 [INFO] OddsBandFilter excluded 1 candidates in bands: {'1.0-3.0'}
19:07:13 [INFO] OddsBandFilter excluded 1 candidates in bands: {'1.0-3.0'}
19:07:14 [INFO] OddsBandFilter excluded 1 candidates in bands: {'1.0-3.0'}
19:07:20 [INFO] OddsBandFilter excluded 1 candidates in bands: {'1.0-3.0'}
19:07:20 [INFO] OddsBandFilter excluded 1 candidates in bands: {'1.0-3.0'}
19:07:21 [INFO] OddsBandFilter excluded 1 candidates in bands: {'1.0-3.0'}
19:07:22 [INFO] OddsBandFilter excluded 1 candidates in bands: {'1.0-3.0'}
19:07:22 [INFO] OddsBandFilter excluded 1 candidates in bands: {'1.0-3.0'}
19:07:24 [INFO] OddsBandFilter excluded 1 candidates in bands: {'1.0-3.0'}
19:07:26 [INFO] OddsBandFilter excluded 1 candidates in bands: {'1.0-3.0'}
19:07:26 [INFO] OddsBandFilter excluded 1 candidates in bands: {'1.0-3.0'}
19:07:27 [INFO] OddsBandFilter excluded 1 candidates in bands: {'1.0-3.0'}
19:07:28 [INFO] OddsBandFilter excluded 1 candidates in bands: {'1.0-3.0'}
19:07:29 [INFO] OddsBandFilter excluded 1 candidates in bands: {'1.0-3.0'}
19:07:35 [INFO] OddsBandFilter excluded 1 candidates in bands: {'1.0-3.0'}
19:07:36 [INFO] OddsBandFilter excluded 1 candidates in bands: {'1.0-3.0'}
19:07:37 [INFO] OddsBandFilter excluded 1 candidates in bands: {'1.0-3.0'}
19:07:43 [INFO] OddsBandFilter excluded 1 candidates in bands: {'1.0-3.0'}
19:07:45 [INFO] OddsBandFilter excluded 1 candidates in bands: {'1.0-3.0'}
19:07:53 [INFO] OddsBandFilter excluded 1 candidates in bands: {'1.0-3.0'}
19:07:57 [INFO] OddsBandFilter excluded 1 candidates in bands: {'1.0-3.0'}
19:07:59 [INFO] OddsBandFilter excluded 1 candidates in bands: {'1.0-3.0'}
19:08:00 [INFO] OddsBandFilter excluded 1 candidates in bands: {'1.0-3.0'}
19:08:07 [INFO] OddsBandFilter excluded 1 candidates in bands: {'1.0-3.0'}
19:08:08 [INFO] OddsBandFilter excluded 1 candidates in bands: {'1.0-3.0'}
19:08:08 [INFO] OddsBandFilter excluded 1 candidates in bands: {'1.0-3.0'}
19:08:09 [INFO] OddsBandFilter excluded 1 candidates in bands: {'1.0-3.0'}
19:08:10 [INFO] OddsBandFilter excluded 1 candidates in bands: {'1.0-3.0'}
19:08:12 [INFO] OddsBandFilter excluded 1 candidates in bands: {'1.0-3.0'}
19:08:12 [INFO] OddsBandFilter excluded 1 candidates in bands: {'1.0-3.0'}
19:08:17 [INFO] OddsBandFilter excluded 1 candidates in bands: {'1.0-3.0'}
19:08:20 [INFO] OddsBandFilter excluded 1 candidates in bands: {'1.0-3.0'}
19:08:27 [INFO] OddsBandFilter excluded 1 candidates in bands: {'1.0-3.0'}
19:08:30 [INFO] OddsBandFilter excluded 1 candidates in bands: {'1.0-3.0'}
19:08:32 [INFO] OddsBandFilter excluded 1 candidates in bands: {'1.0-3.0'}
19:08:32 [INFO] OddsBandFilter excluded 1 candidates in bands: {'1.0-3.0'}
19:08:33 [INFO] OddsBandFilter excluded 1 candidates in bands: {'1.0-3.0'}
19:08:34 [INFO] OddsBandFilter excluded 1 candidates in bands: {'1.0-3.0'}
19:08:37 [INFO] OddsBandFilter excluded 1 candidates in bands: {'1.0-3.0'}
19:08:37 [INFO] OddsBandFilter excluded 1 candidates in bands: {'1.0-3.0'}
19:08:44 [INFO] OddsBandFilter excluded 1 candidates in bands: {'1.0-3.0'}
19:08:47 [INFO] OddsBandFilter excluded 1 candidates in bands: {'1.0-3.0'}
19:08:48 [INFO] OddsBandFilter excluded 1 candidates in bands: {'1.0-3.0'}
19:08:51 [INFO] OddsBandFilter excluded 1 candidates in bands: {'1.0-3.0'}
19:08:56 [INFO] OddsBandFilter excluded 1 candidates in bands: {'1.0-3.0'}
19:08:56 [INFO] OddsBandFilter excluded 1 candidates in bands: {'1.0-3.0'}
19:08:57 [INFO] OddsBandFilter excluded 1 candidates in bands: {'1.0-3.0'}
19:08:58 [INFO] OddsBandFilter excluded 1 candidates in bands: {'1.0-3.0'}
19:08:58 [INFO] OddsBandFilter excluded 1 candidates in bands: {'1.0-3.0'}
19:09:01 [INFO] OddsBandFilter excluded 1 candidates in bands: {'1.0-3.0'}
19:09:04 [INFO] OddsBandFilter excluded 1 candidates in bands: {'1.0-3.0'}
19:09:04 [INFO] OddsBandFilter excluded 1 candidates in bands: {'1.0-3.0'}
19:09:07 [INFO] OddsBandFilter excluded 1 candidates in bands: {'1.0-3.0'}
19:09:16 [INFO] OddsBandFilter excluded 1 candidates in bands: {'1.0-3.0'}
19:09:32 [INFO] OddsBandFilter excluded 1 candidates in bands: {'1.0-3.0'}
19:09:33 [INFO] OddsBandFilter excluded 1 candidates in bands: {'1.0-3.0'}
19:09:38 [INFO] OddsBandFilter excluded 1 candidates in bands: {'1.0-3.0'}
19:09:40 [INFO] OddsBandFilter excluded 1 candidates in bands: {'1.0-3.0'}
19:09:41 [INFO] OddsBandFilter excluded 1 candidates in bands: {'1.0-3.0'}
19:09:42 [INFO] OddsBandFilter excluded 1 candidates in bands: {'1.0-3.0'}
19:09:47 [INFO] OddsBandFilter excluded 1 candidates in bands: {'1.0-3.0'}
19:09:53 [INFO] OddsBandFilter excluded 1 candidates in bands: {'1.0-3.0'}
19:10:00 [INFO] OddsBandFilter excluded 1 candidates in bands: {'1.0-3.0'}
19:10:01 [INFO] OddsBandFilter excluded 1 candidates in bands: {'1.0-3.0'}
19:10:03 [INFO] OddsBandFilter excluded 1 candidates in bands: {'1.0-3.0'}
19:10:06 [INFO] OddsBandFilter excluded 1 candidates in bands: {'1.0-3.0'}
19:10:10 [INFO] OddsBandFilter excluded 1 candidates in bands: {'1.0-3.0'}
19:10:11 [INFO] OddsBandFilter excluded 1 candidates in bands: {'1.0-3.0'}
19:10:13 [INFO] OddsBandFilter excluded 1 candidates in bands: {'1.0-3.0'}
19:10:13 [INFO] OddsBandFilter excluded 1 candidates in bands: {'1.0-3.0'}
19:10:19 [INFO] OddsBandFilter excluded 1 candidates in bands: {'1.0-3.0'}
19:10:30 [INFO] OddsBandFilter excluded 1 candidates in bands: {'1.0-3.0'}
19:10:30 [INFO] OddsBandFilter excluded 1 candidates in bands: {'1.0-3.0'}
19:10:34 [INFO] OddsBandFilter excluded 1 candidates in bands: {'1.0-3.0'}
19:10:35 [INFO] OddsBandFilter excluded 1 candidates in bands: {'1.0-3.0'}
19:10:37 [INFO] OddsBandFilter excluded 1 candidates in bands: {'1.0-3.0'}
19:10:37 [INFO] OddsBandFilter excluded 1 candidates in bands: {'1.0-3.0'}
19:10:38 [INFO] OddsBandFilter excluded 1 candidates in bands: {'1.0-3.0'}
19:10:40 [INFO] OddsBandFilter excluded 1 candidates in bands: {'1.0-3.0'}
19:10:42 [INFO] OddsBandFilter excluded 1 candidates in bands: {'1.0-3.0'}
19:10:45 [INFO] OddsBandFilter excluded 1 candidates in bands: {'1.0-3.0'}
19:10:47 [INFO] OddsBandFilter excluded 1 candidates in bands: {'1.0-3.0'}
19:10:47 [INFO] OddsBandFilter excluded 1 candidates in bands: {'1.0-3.0'}
19:10:49 [INFO] OddsBandFilter excluded 1 candidates in bands: {'1.0-3.0'}
19:10:49 [INFO] OddsBandFilter excluded 1 candidates in bands: {'1.0-3.0'}
19:10:50 [INFO] OddsBandFilter excluded 1 candidates in bands: {'1.0-3.0'}
19:10:50 [INFO] OddsBandFilter excluded 1 candidates in bands: {'1.0-3.0'}
19:10:52 [INFO] OddsBandFilter excluded 1 candidates in bands: {'1.0-3.0'}
19:10:56 [INFO] OddsBandFilter excluded 1 candidates in bands: {'1.0-3.0'}
19:11:00 [INFO] OddsBandFilter excluded 1 candidates in bands: {'1.0-3.0'}
19:11:03 [INFO] OddsBandFilter excluded 1 candidates in bands: {'1.0-3.0'}
19:11:04 [INFO] OddsBandFilter excluded 1 candidates in bands: {'1.0-3.0'}
19:11:05 [INFO] OddsBandFilter excluded 1 candidates in bands: {'1.0-3.0'}
19:11:14 [INFO] OddsBandFilter excluded 1 candidates in bands: {'1.0-3.0'}
19:11:14 [INFO] OddsBandFilter excluded 1 candidates in bands: {'1.0-3.0'}
19:11:16 [INFO] OddsBandFilter excluded 1 candidates in bands: {'1.0-3.0'}
19:11:18 [INFO] OddsBandFilter excluded 1 candidates in bands: {'1.0-3.0'}
19:11:19 [INFO] OddsBandFilter excluded 1 candidates in bands: {'1.0-3.0'}
19:11:19 [INFO] OddsBandFilter excluded 1 candidates in bands: {'1.0-3.0'}
19:11:21 [INFO] OddsBandFilter excluded 1 candidates in bands: {'1.0-3.0'}
19:11:22 [INFO] OddsBandFilter excluded 1 candidates in bands: {'1.0-3.0'}
19:11:22 [INFO] OddsBandFilter excluded 1 candidates in bands: {'1.0-3.0'}
19:11:25 [INFO] OddsBandFilter excluded 1 candidates in bands: {'1.0-3.0'}
19:11:26 [INFO] OddsBandFilter excluded 1 candidates in bands: {'1.0-3.0'}
19:11:35 [INFO] OddsBandFilter excluded 1 candidates in bands: {'1.0-3.0'}
19:11:36 [INFO] OddsBandFilter excluded 1 candidates in bands: {'1.0-3.0'}
19:11:37 [INFO] OddsBandFilter excluded 1 candidates in bands: {'1.0-3.0'}
19:11:38 [INFO] OddsBandFilter excluded 1 candidates in bands: {'1.0-3.0'}
19:11:43 [INFO] OddsBandFilter excluded 1 candidates in bands: {'1.0-3.0'}
19:11:44 [INFO] OddsBandFilter excluded 1 candidates in bands: {'1.0-3.0'}
19:11:45 [INFO] OddsBandFilter excluded 1 candidates in bands: {'1.0-3.0'}
19:11:46 [INFO] OddsBandFilter excluded 1 candidates in bands: {'1.0-3.0'}
19:11:47 [INFO] OddsBandFilter excluded 1 candidates in bands: {'1.0-3.0'}
19:11:49 [INFO] OddsBandFilter excluded 1 candidates in bands: {'1.0-3.0'}
19:11:49 [INFO] OddsBandFilter excluded 1 candidates in bands: {'1.0-3.0'}
19:11:53 [INFO] OddsBandFilter excluded 1 candidates in bands: {'1.0-3.0'}
19:11:55 [INFO] OddsBandFilter excluded 1 candidates in bands: {'1.0-3.0'}
19:11:59 [INFO] OddsBandFilter excluded 1 candidates in bands: {'1.0-3.0'}
19:12:01 [INFO] OddsBandFilter excluded 1 candidates in bands: {'1.0-3.0'}
19:12:05 [INFO] OddsBandFilter excluded 1 candidates in bands: {'1.0-3.0'}
19:12:05 [INFO] OddsBandFilter excluded 1 candidates in bands: {'1.0-3.0'}
19:12:07 [INFO] OddsBandFilter excluded 1 candidates in bands: {'1.0-3.0'}
19:12:09 [INFO] OddsBandFilter excluded 1 candidates in bands: {'1.0-3.0'}
19:12:10 [INFO] OddsBandFilter excluded 1 candidates in bands: {'1.0-3.0'}
19:12:12 [INFO] OddsBandFilter excluded 1 candidates in bands: {'1.0-3.0'}
19:12:12 [INFO] OddsBandFilter excluded 1 candidates in bands: {'1.0-3.0'}
19:12:14 [INFO] OddsBandFilter excluded 1 candidates in bands: {'1.0-3.0'}
19:12:16 [INFO] OddsBandFilter excluded 1 candidates in bands: {'1.0-3.0'}
19:12:19 [INFO] OddsBandFilter excluded 1 candidates in bands: {'1.0-3.0'}
19:12:21 [INFO] OddsBandFilter excluded 1 candidates in bands: {'1.0-3.0'}
19:12:25 [INFO] OddsBandFilter excluded 1 candidates in bands: {'1.0-3.0'}
19:12:27 [INFO] OddsBandFilter excluded 1 candidates in bands: {'1.0-3.0'}
19:12:29 [INFO] OddsBandFilter excluded 1 candidates in bands: {'1.0-3.0'}
19:12:29 [INFO] OddsBandFilter excluded 1 candidates in bands: {'1.0-3.0'}
19:12:30 [INFO] OddsBandFilter excluded 1 candidates in bands: {'1.0-3.0'}
19:12:34 [INFO] OddsBandFilter excluded 1 candidates in bands: {'1.0-3.0'}
19:12:34 [INFO] OddsBandFilter excluded 1 candidates in bands: {'1.0-3.0'}
19:12:35 [INFO] OddsBandFilter excluded 1 candidates in bands: {'1.0-3.0'}
19:12:38 [INFO] OddsBandFilter excluded 1 candidates in bands: {'1.0-3.0'}
19:12:38 [INFO] OddsBandFilter excluded 1 candidates in bands: {'1.0-3.0'}
19:12:39 [INFO] OddsBandFilter excluded 1 candidates in bands: {'1.0-3.0'}
19:12:40 [INFO] OddsBandFilter excluded 1 candidates in bands: {'1.0-3.0'}
19:12:42 [INFO] OddsBandFilter excluded 1 candidates in bands: {'1.0-3.0'}
19:12:43 [INFO] OddsBandFilter excluded 1 candidates in bands: {'1.0-3.0'}
19:12:47 [INFO] OddsBandFilter excluded 1 candidates in bands: {'1.0-3.0'}
19:12:52 [INFO] OddsBandFilter excluded 1 candidates in bands: {'1.0-3.0'}
19:12:53 [INFO] OddsBandFilter excluded 1 candidates in bands: {'1.0-3.0'}
19:12:54 [INFO] OddsBandFilter excluded 1 candidates in bands: {'1.0-3.0'}
19:12:57 [INFO] OddsBandFilter excluded 1 candidates in bands: {'1.0-3.0'}
19:13:01 [INFO] OddsBandFilter excluded 1 candidates in bands: {'1.0-3.0'}
19:13:06 [INFO] OddsBandFilter excluded 1 candidates in bands: {'1.0-3.0'}
19:13:08 [INFO] OddsBandFilter excluded 1 candidates in bands: {'1.0-3.0'}
19:13:12 [INFO] OddsBandFilter excluded 1 candidates in bands: {'1.0-3.0'}
19:13:14 [INFO] OddsBandFilter excluded 1 candidates in bands: {'1.0-3.0'}
19:13:20 [INFO] OddsBandFilter excluded 1 candidates in bands: {'1.0-3.0'}
19:13:24 [INFO] OddsBandFilter excluded 1 candidates in bands: {'1.0-3.0'}
19:13:24 [INFO] OddsBandFilter excluded 1 candidates in bands: {'1.0-3.0'}
19:13:27 [INFO] OddsBandFilter excluded 1 candidates in bands: {'1.0-3.0'}
19:13:28 [INFO] OddsBandFilter excluded 1 candidates in bands: {'1.0-3.0'}
19:13:29 [INFO] OddsBandFilter excluded 1 candidates in bands: {'1.0-3.0'}
19:13:29 [INFO] OddsBandFilter excluded 1 candidates in bands: {'1.0-3.0'}
19:13:32 [INFO] OddsBandFilter excluded 1 candidates in bands: {'1.0-3.0'}
19:13:34 [INFO] OddsBandFilter excluded 1 candidates in bands: {'1.0-3.0'}
19:13:35 [INFO] OddsBandFilter excluded 1 candidates in bands: {'1.0-3.0'}
19:13:37 [INFO] OddsBandFilter excluded 1 candidates in bands: {'1.0-3.0'}
19:13:39 [INFO] OddsBandFilter excluded 1 candidates in bands: {'1.0-3.0'}
19:13:40 [INFO] OddsBandFilter excluded 1 candidates in bands: {'1.0-3.0'}
19:13:45 [INFO] OddsBandFilter excluded 1 candidates in bands: {'1.0-3.0'}
19:13:45 [INFO] OddsBandFilter excluded 1 candidates in bands: {'1.0-3.0'}
19:13:45 [INFO] OddsBandFilter excluded 1 candidates in bands: {'1.0-3.0'}
19:13:46 [INFO] OddsBandFilter excluded 1 candidates in bands: {'1.0-3.0'}
19:13:50 [INFO] OddsBandFilter excluded 1 candidates in bands: {'1.0-3.0'}
19:13:51 [INFO] OddsBandFilter excluded 1 candidates in bands: {'1.0-3.0'}
19:13:57 [INFO] OddsBandFilter excluded 1 candidates in bands: {'1.0-3.0'}
19:13:59 [INFO] OddsBandFilter excluded 1 candidates in bands: {'1.0-3.0'}
19:14:01 [INFO] OddsBandFilter excluded 1 candidates in bands: {'1.0-3.0'}
19:14:04 [INFO] OddsBandFilter excluded 1 candidates in bands: {'1.0-3.0'}
19:14:06 [INFO] OddsBandFilter excluded 1 candidates in bands: {'1.0-3.0'}
19:14:07 [INFO] OddsBandFilter excluded 1 candidates in bands: {'1.0-3.0'}
19:14:09 [INFO] OddsBandFilter excluded 1 candidates in bands: {'1.0-3.0'}
19:14:10 [INFO] OddsBandFilter excluded 1 candidates in bands: {'1.0-3.0'}
19:14:13 [INFO] OddsBandFilter excluded 1 candidates in bands: {'1.0-3.0'}
19:14:13 [INFO] OddsBandFilter excluded 1 candidates in bands: {'1.0-3.0'}
19:14:14 [INFO] OddsBandFilter excluded 1 candidates in bands: {'1.0-3.0'}
19:14:15 [INFO] OddsBandFilter excluded 1 candidates in bands: {'1.0-3.0'}
19:14:16 [INFO] OddsBandFilter excluded 1 candidates in bands: {'1.0-3.0'}
19:14:17 [INFO] OddsBandFilter excluded 1 candidates in bands: {'1.0-3.0'}
19:14:18 [INFO] OddsBandFilter excluded 1 candidates in bands: {'1.0-3.0'}
19:14:18 [INFO] OddsBandFilter excluded 1 candidates in bands: {'1.0-3.0'}
19:14:22 [INFO] OddsBandFilter excluded 1 candidates in bands: {'1.0-3.0'}
19:14:25 [INFO] OddsBandFilter excluded 1 candidates in bands: {'1.0-3.0'}
19:14:29 [INFO] OddsBandFilter excluded 1 candidates in bands: {'1.0-3.0'}
19:14:29 [INFO] OddsBandFilter excluded 1 candidates in bands: {'1.0-3.0'}
19:14:38 [INFO] OddsBandFilter excluded 1 candidates in bands: {'1.0-3.0'}
19:14:39 [INFO] OddsBandFilter excluded 1 candidates in bands: {'1.0-3.0'}
19:14:41 [INFO] OddsBandFilter excluded 1 candidates in bands: {'1.0-3.0'}
19:14:45 [INFO] OddsBandFilter excluded 1 candidates in bands: {'1.0-3.0'}
19:14:46 [INFO] OddsBandFilter excluded 1 candidates in bands: {'1.0-3.0'}
19:14:48 [INFO] OddsBandFilter excluded 1 candidates in bands: {'1.0-3.0'}
19:14:50 [INFO] OddsBandFilter excluded 1 candidates in bands: {'1.0-3.0'}
19:14:51 [INFO] OddsBandFilter excluded 1 candidates in bands: {'1.0-3.0'}
19:14:53 [INFO] OddsBandFilter excluded 1 candidates in bands: {'1.0-3.0'}
19:14:54 [INFO] OddsBandFilter excluded 1 candidates in bands: {'1.0-3.0'}
19:14:57 [INFO] OddsBandFilter excluded 1 candidates in bands: {'1.0-3.0'}
19:14:58 [INFO] OddsBandFilter excluded 1 candidates in bands: {'1.0-3.0'}
19:15:08 [INFO] OddsBandFilter excluded 1 candidates in bands: {'1.0-3.0'}
19:15:13 [INFO] OddsBandFilter excluded 1 candidates in bands: {'1.0-3.0'}
19:15:13 [INFO] OddsBandFilter excluded 1 candidates in bands: {'1.0-3.0'}
19:15:15 [INFO] Race diagnostics saved: 3335 records -> data\backtest\shadow_ridge_shadow_race_diagnostics.csv
19:15:22 [INFO] Horse diagnostics saved: 46160 records -> data\backtest\shadow_ridge_shadow_horse_diagnostics.csv
19:15:30 [INFO] Feature diagnostics saved: 46160 records -> data\backtest\shadow_ridge_shadow_horse_features.parquet
19:15:30 [INFO] Bet Selection Filters: EV_excluded=0, COLLAPSED_skipped=0
19:15:30 [INFO] OddsBandFilter excluded 670 candidates in bands: {'1.0-3.0': {'roi': 0.9214881780250348, 'count': 2876}}
19:15:30 [INFO] Validation report saved: data\validation\validation_report.json
19:15:33 [INFO] Comparison completed in 31624.8 seconds
19:15:33 [INFO] Artifacts saved to data\backtest\shadow
19:15:33 [INFO] HTML report: data\backtest\shadow\shadow_comparison_report.html

Shadow Comparison Complete
========================================
Fold 2024:
  baseline    : ROI=-10.0%, HR=21.8%, Bets=3327
  ridge_shadow: ROI=-2.8%, HR=15.0%, Bets=2580
  Delta ROI: +7.2pp | Selection Agreement: 64.4%
Fold 2025:
  baseline    : ROI=-5.8%, HR=15.3%, Bets=3335
  ridge_shadow: ROI=-5.2%, HR=12.3%, Bets=2665
  Delta ROI: +0.6pp | Selection Agreement: 71.8%
========================================
  baseline: Overall ROI=-7.9%
  ridge_shadow: Overall ROI=-4.0%
Artifacts saved to: data\backtest\shadow
