{
    "learning_rate": 0.01045290478379617,
    "num_leaves": 148,
    "feature_fraction": 0.46850923814395773,
    "bagging_fraction": 0.6504328445017682,
    "bagging_freq": 1,
    "min_child_samples": 95
}