{
    "learning_rate": 0.013059097572749983,
    "num_leaves": 98,
    "feature_fraction": 0.5376022966476086,
    "bagging_fraction": 0.8535507845428857,
    "bagging_freq": 7,
    "min_child_samples": 97
}