{
    "lgbm_weight": 0.4,
    "catboost_weight": 0.6,
    "lgbm_auc": 0.7891322148751526,
    "catboost_auc": 0.7872523794460862,
    "ensemble_auc": 0.7891602869564928,
    "ensemble_logloss": 0.22630353490593752
}