{
    "lgbm_weight": 0.8,
    "catboost_weight": 0.19999999999999996,
    "lgbm_auc": 0.7879304078175263,
    "catboost_auc": 0.7810051933620593,
    "ensemble_auc": 0.7879321473537745,
    "ensemble_logloss": 0.2264663022242356
}